Date,Price
02-Jan-07,48.5960339
03-Jan-07,53.91304646
04-Jan-07,56.87104799
05-Jan-07,54.8289507
08-Jan-07,53.75188382
09-Jan-07,53.31250466
10-Jan-07,51.79878509
11-Jan-07,53.28304363
12-Jan-07,56.69484685
15-Jan-07,56.31589017
16-Jan-07,56.63949388
17-Jan-07,58.47610061
18-Jan-07,59.16221147
19-Jan-07,57.3763116
22-Jan-07,55.77786278
23-Jan-07,54.71253575
24-Jan-07,54.97589754
25-Jan-07,55.8127249
29-Jan-07,53.88514502
31-Jan-07,53.64010855
01-Feb-07,53.45297186
02-Feb-07,54.82305667
05-Feb-07,53.7315443
06-Feb-07,54.40151756
07-Feb-07,59.74576722
08-Feb-07,61.12983554
09-Feb-07,57.27443172
12-Feb-07,52.75674007
13-Feb-07,51.33487095
14-Feb-07,47.98717072
15-Feb-07,52.7118804
19-Feb-07,53.20154317
20-Feb-07,51.51467276
21-Feb-07,50.16901383
22-Feb-07,51.72185888
23-Feb-07,49.25655854
26-Feb-07,47.5232141
27-Feb-07,47.41041878
28-Feb-07,45.28109468
01-Mar-07,44.40251717
02-Mar-07,44.68067163
05-Mar-07,40.02015677
06-Mar-07,39.46344453
07-Mar-07,38.4064668
08-Mar-07,39.26319435
09-Mar-07,40.57915041
12-Mar-07,40.40229422
13-Mar-07,40.20575973
14-Mar-07,38.92359231
15-Mar-07,41.20021531
16-Mar-07,40.08018757
19-Mar-07,40.37970966
20-Mar-07,41.07738477
21-Mar-07,41.60658718
22-Mar-07,42.66638602
23-Mar-07,42.67779094
26-Mar-07,41.96077292
28-Mar-07,41.22665743
29-Mar-07,40.07604296
30-Mar-07,42.06086012
02-Apr-07,39.18542933
03-Apr-07,38.72753267
04-Apr-07,39.36681431
05-Apr-07,39.4453758
09-Apr-07,40.31138254
10-Apr-07,40.43162989
11-Apr-07,40.45726519
12-Apr-07,39.93763647
13-Apr-07,40.44865686
16-Apr-07,40.77660282
17-Apr-07,41.78313709
18-Apr-07,42.4065881
19-Apr-07,41.77269551
20-Apr-07,42.07575466
23-Apr-07,41.65037251
24-Apr-07,42.54268479
25-Apr-07,42.57244081
26-Apr-07,44.08686373
27-Apr-07,44.52354685
30-Apr-07,43.09131235
03-May-07,44.93560959
04-May-07,47.44153915
07-May-07,47.86079593
08-May-07,46.29280417
09-May-07,44.98570938
10-May-07,46.4160996
11-May-07,45.66338902
14-May-07,47.3550974
15-May-07,47.62769371
16-May-07,48.91882913
17-May-07,49.54732471
18-May-07,48.4566955
21-May-07,48.72810748
22-May-07,49.71547941
23-May-07,49.51984977
24-May-07,49.19140848
25-May-07,49.8406653
28-May-07,49.06241529
29-May-07,47.57406177
30-May-07,46.90874741
31-May-07,46.10128171
01-Jun-07,46.21995707
04-Jun-07,46.48485433
05-Jun-07,47.13924466
06-Jun-07,47.66988105
07-Jun-07,45.79551056
08-Jun-07,45.23062011
11-Jun-07,45.384479
12-Jun-07,43.96409493
13-Jun-07,44.10888539
14-Jun-07,44.47288322
15-Jun-07,44.64197023
18-Jun-07,44.34549228
19-Jun-07,44.77217627
20-Jun-07,46.1614912
21-Jun-07,46.51093911
22-Jun-07,48.12591481
25-Jun-07,48.52634856
26-Jun-07,48.75782167
27-Jun-07,51.35883893
28-Jun-07,53.59304233
29-Jun-07,54.49184472
02-Jul-07,54.56146503
03-Jul-07,54.19328166
04-Jul-07,53.33135024
05-Jul-07,51.74990731
06-Jul-07,51.95122301
09-Jul-07,53.01367654
10-Jul-07,52.55642655
11-Jul-07,52.04049947
12-Jul-07,52.63672825
13-Jul-07,54.62181764
16-Jul-07,56.37207327
17-Jul-07,55.64129959
18-Jul-07,53.96584211
19-Jul-07,54.47385236
20-Jul-07,55.89153578
23-Jul-07,54.95703907
24-Jul-07,55.71498791
25-Jul-07,55.16075969
26-Jul-07,53.51550299
27-Jul-07,50.65167676
30-Jul-07,50.28236807
31-Jul-07,50.88030022
01-Aug-07,49.10181319
02-Aug-07,48.36260957
03-Aug-07,48.3675114
06-Aug-07,47.02577375
07-Aug-07,48.67013151
08-Aug-07,50.60940006
09-Aug-07,50.72650687
10-Aug-07,48.11446694
13-Aug-07,48.85176223
14-Aug-07,50.94260273
16-Aug-07,48.43375949
17-Aug-07,49.92809473
20-Aug-07,53.69058338
21-Aug-07,51.49607259
22-Aug-07,49.05961492
23-Aug-07,49.08670145
24-Aug-07,49.09079091
27-Aug-07,51.02758845
28-Aug-07,51.55012703
29-Aug-07,51.07140046
30-Aug-07,52.51394037
31-Aug-07,52.82781222
03-Sep-07,56.24349499
04-Sep-07,57.37571948
05-Sep-07,55.98528486
06-Sep-07,56.29891244
07-Sep-07,56.26892324
10-Sep-07,55.61990731
11-Sep-07,57.34120128
12-Sep-07,62.2595307
13-Sep-07,64.69683508
14-Sep-07,66.38941003
17-Sep-07,65.52821528
18-Sep-07,70.28220525
19-Sep-07,73.43062227
20-Sep-07,77.07404114
21-Sep-07,79.70035242
24-Sep-07,77.61019157
25-Sep-07,75.1014816
26-Sep-07,78.01253501
27-Sep-07,76.46583483
28-Sep-07,73.98971106
01-Oct-07,75.0762507
03-Oct-07,72.86882551
04-Oct-07,72.35946914
05-Oct-07,70.24189287
08-Oct-07,62.71068495
09-Oct-07,68.10432218
10-Oct-07,75.04468922
11-Oct-07,77.99900089
12-Oct-07,78.51590075
15-Oct-07,78.65995141
16-Oct-07,81.35738633
17-Oct-07,74.22622812
18-Oct-07,76.8411016
19-Oct-07,68.859742
22-Oct-07,68.87737164
23-Oct-07,73.07862974
24-Oct-07,81.73878453
25-Oct-07,85.68727723
26-Oct-07,91.68183434
29-Oct-07,98.93823727
30-Oct-07,97.23584796
31-Oct-07,97.49268366
01-Nov-07,99.2365948
02-Nov-07,96.38872697
05-Nov-07,97.59373659
06-Nov-07,94.90666746
07-Nov-07,94.62863042
08-Nov-07,94.02095686
09-Nov-07,92.35163569
12-Nov-07,90.37032184
13-Nov-07,97.13254998
14-Nov-07,99.62674051
15-Nov-07,104.8555994
16-Nov-07,113.8117871
19-Nov-07,113.9585737
20-Nov-07,109.8103022
21-Nov-07,100.6544761
22-Nov-07,94.35985134
23-Nov-07,101.3937931
26-Nov-07,107.5671824
27-Nov-07,108.5972732
28-Nov-07,113.0847355
29-Nov-07,119.2332334
30-Nov-07,120.2688991
03-Dec-07,121.4243452
04-Dec-07,119.1059278
05-Dec-07,123.7921247
06-Dec-07,129.8591382
07-Dec-07,127.1745229
10-Dec-07,132.3427582
11-Dec-07,131.4692641
12-Dec-07,129.8386838
13-Dec-07,129.9047441
14-Dec-07,127.5906111
17-Dec-07,122.5947225
18-Dec-07,121.0491002
19-Dec-07,126.2894017
20-Dec-07,124.8114781
24-Dec-07,126.522305
26-Dec-07,125.0699736
27-Dec-07,130.6464887
28-Dec-07,130.8368885
31-Dec-07,129.7429974
01-Jan-08,128.9515968
02-Jan-08,130.9526533
03-Jan-08,128.2164638
04-Jan-08,132.8673648
07-Jan-08,131.6576453
08-Jan-08,128.6946218
09-Jan-08,124.6013811
10-Jan-08,121.5114497
11-Jan-08,120.7613454
14-Jan-08,123.9739283
15-Jan-08,122.8438209
16-Jan-08,121.0425678
17-Jan-08,122.8295113
18-Jan-08,117.2669244
21-Jan-08,103.0178335
22-Jan-08,80.57591149
23-Jan-08,92.06734868
24-Jan-08,89.88367079
25-Jan-08,86.3231475
28-Jan-08,97.3448611
29-Jan-08,101.1118844
30-Jan-08,97.57294645
31-Jan-08,96.77498174
01-Feb-08,94.46941401
04-Feb-08,101.4487659
05-Feb-08,103.324242
06-Feb-08,107.4036031
07-Feb-08,109.2016078
08-Feb-08,100.5478112
11-Feb-08,94.90974587
12-Feb-08,91.00726844
13-Feb-08,90.73005469
14-Feb-08,100.4736664
15-Feb-08,104.9329188
18-Feb-08,101.7459438
19-Feb-08,102.4894147
20-Feb-08,94.98801996
21-Feb-08,94.72942276
22-Feb-08,95.54338871
25-Feb-08,93.69436966
26-Feb-08,97.22595666
27-Feb-08,99.70134572
28-Feb-08,99.04130528
29-Feb-08,98.43618938
03-Mar-08,95.54133668
04-Mar-08,88.89721743
05-Mar-08,87.4926832
07-Mar-08,84.09804709
10-Mar-08,83.13126971
11-Mar-08,90.32306115
12-Mar-08,90.28565198
13-Mar-08,83.82959891
14-Mar-08,82.85432987
17-Mar-08,75.79830578
18-Mar-08,71.92483694
19-Mar-08,73.04947504
24-Mar-08,74.33660946
25-Mar-08,78.22593366
26-Mar-08,86.16312771
27-Mar-08,83.89614901
28-Mar-08,80.65419329
31-Mar-08,79.60437142
01-Apr-08,78.85318241
02-Apr-08,79.43325411
03-Apr-08,77.39068575
04-Apr-08,75.01154908
07-Apr-08,76.43082071
08-Apr-08,79.48170621
09-Apr-08,80.19855971
10-Apr-08,81.55479835
11-Apr-08,82.6295809
15-Apr-08,83.32366792
16-Apr-08,84.16475066
17-Apr-08,88.1197961
21-Apr-08,92.17991844
22-Apr-08,93.6342499
23-Apr-08,92.74033513
24-Apr-08,90.76824216
25-Apr-08,91.15962999
28-Apr-08,90.76021822
29-Apr-08,92.29765256
30-Apr-08,91.85471351
02-May-08,99.17675975
05-May-08,102.6312072
06-May-08,101.8100771
07-May-08,97.17600319
08-May-08,97.17027739
09-May-08,94.17601487
12-May-08,87.57522793
13-May-08,88.36188595
14-May-08,84.79650534
15-May-08,86.40827672
16-May-08,87.99671406
20-May-08,89.84309805
21-May-08,88.14744576
22-May-08,86.59127895
23-May-08,85.73668003
26-May-08,81.33325555
27-May-08,80.04776221
28-May-08,77.44265591
29-May-08,78.61551812
30-May-08,77.95343711
02-Jun-08,75.4579134
03-Jun-08,71.89107735
04-Jun-08,72.18062373
05-Jun-08,71.08935978
06-Jun-08,71.07274164
09-Jun-08,66.37118251
10-Jun-08,67.97095003
11-Jun-08,69.59925422
12-Jun-08,69.87689811
13-Jun-08,74.28203605
16-Jun-08,74.36295753
17-Jun-08,74.77259782
18-Jun-08,75.67649038
19-Jun-08,71.36342121
20-Jun-08,69.40320633
23-Jun-08,65.85007644
24-Jun-08,64.34547687
25-Jun-08,61.32157903
26-Jun-08,60.24609456
27-Jun-08,55.8157552
30-Jun-08,55.20981363
01-Jul-08,54.56522206
02-Jul-08,53.25144554
03-Jul-08,53.40382774
04-Jul-08,53.64562557
07-Jul-08,53.70604824
08-Jul-08,51.46288972
09-Jul-08,52.5108217
10-Jul-08,57.03738165
11-Jul-08,57.30277512
14-Jul-08,55.94200511
15-Jul-08,51.59858982
16-Jul-08,50.32583305
17-Jul-08,51.03603629
18-Jul-08,52.67196094
21-Jul-08,52.19371023
22-Jul-08,53.31695032
23-Jul-08,57.91711628
24-Jul-08,60.01668008
25-Jul-08,58.29194299
28-Jul-08,59.48650185
29-Jul-08,56.64044605
30-Jul-08,57.30754388
31-Jul-08,56.690719
01-Aug-08,57.86524968
04-Aug-08,60.07601964
05-Aug-08,64.11616126
06-Aug-08,66.0288579
07-Aug-08,65.22572597
08-Aug-08,64.11621223
11-Aug-08,66.34261896
12-Aug-08,64.49342335
13-Aug-08,63.39593403
14-Aug-08,61.28265692
18-Aug-08,60.05103709
19-Aug-08,58.81966567
20-Aug-08,60.83384878
21-Aug-08,59.1756706
22-Aug-08,58.89211272
25-Aug-08,59.93946756
26-Aug-08,60.49783564
27-Aug-08,61.90691609
28-Aug-08,57.93959195
29-Aug-08,59.78576866
01-Sep-08,59.5733558
02-Sep-08,62.31681167
04-Sep-08,61.95827323
05-Sep-08,61.20317109
08-Sep-08,62.49073977
09-Sep-08,61.02284708
10-Sep-08,60.19115736
11-Sep-08,59.11683784
12-Sep-08,58.01917868
15-Sep-08,54.08912103
16-Sep-08,53.18384548
17-Sep-08,55.14148742
18-Sep-08,51.48336845
19-Sep-08,55.21759218
22-Sep-08,55.31710884
23-Sep-08,53.24765183
24-Sep-08,55.22824605
25-Sep-08,55.90365254
26-Sep-08,56.99455447
29-Sep-08,54.3563361
30-Sep-08,54.26245259
01-Oct-08,57.40427234
03-Oct-08,56.69581976
06-Oct-08,52.84477835
07-Oct-08,51.84191884
08-Oct-08,47.21329577
10-Oct-08,44.7195488
13-Oct-08,46.26705069
14-Oct-08,49.12236955
15-Oct-08,45.96315084
16-Oct-08,45.31110407
17-Oct-08,46.68516044
20-Oct-08,43.63766903
21-Oct-08,42.52676089
22-Oct-08,43.62683332
23-Oct-08,42.59167142
24-Oct-08,39.97688518
27-Oct-08,33.41013623
28-Oct-08,36.40186893
29-Oct-08,38.14552063
31-Oct-08,40.25744109
03-Nov-08,42.84055109
04-Nov-08,43.6945007
05-Nov-08,44.62822988
06-Nov-08,43.62426267
07-Nov-08,44.44047939
10-Nov-08,45.34329385
11-Nov-08,43.70790378
12-Nov-08,41.64070324
14-Nov-08,41.04789683
17-Nov-08,40.01337201
18-Nov-08,38.47764362
19-Nov-08,37.66371525
20-Nov-08,34.84465467
21-Nov-08,34.80998245
24-Nov-08,34.5568866
25-Nov-08,34.35231059
26-Nov-08,32.56435759
28-Nov-08,32.46542101
01-Dec-08,31.78768685
02-Dec-08,29.41135058
03-Dec-08,29.94292071
04-Dec-08,31.35042538
05-Dec-08,33.05433879
08-Dec-08,33.12494746
10-Dec-08,31.22305993
11-Dec-08,32.95336263
12-Dec-08,33.20181924
15-Dec-08,38.3614567
16-Dec-08,39.94661466
17-Dec-08,37.89052073
18-Dec-08,37.29949386
19-Dec-08,38.39756086
22-Dec-08,39.80811598
23-Dec-08,37.85362748
24-Dec-08,37.04390992
26-Dec-08,36.99456925
29-Dec-08,35.78592441
30-Dec-08,37.13468906
31-Dec-08,38.64236151
01-Jan-09,38.79179746
02-Jan-09,41.17308051
05-Jan-09,45.16161468
06-Jan-09,44.164877
07-Jan-09,40.33998086
09-Jan-09,36.90413694
12-Jan-09,36.72961491
13-Jan-09,36.18215377
14-Jan-09,37.77372191
15-Jan-09,37.77666317
16-Jan-09,38.43381268
19-Jan-09,37.83438896
20-Jan-09,37.27426312
21-Jan-09,36.70733225
22-Jan-09,35.58922309
23-Jan-09,33.57238282
27-Jan-09,33.02987749
28-Jan-09,32.98094837
29-Jan-09,33.040473
30-Jan-09,33.11649928
02-Feb-09,33.04212044
03-Feb-09,32.43169892
04-Feb-09,32.2521804
05-Feb-09,32.19079428
06-Feb-09,33.12471255
09-Feb-09,33.96188983
10-Feb-09,34.8779445
11-Feb-09,34.57446713
12-Feb-09,35.74382776
13-Feb-09,34.96638634
16-Feb-09,34.14805685
17-Feb-09,32.34272261
18-Feb-09,32.03847678
19-Feb-09,31.11391252
20-Feb-09,31.12610299
24-Feb-09,30.50070079
25-Feb-09,31.19005836
26-Feb-09,30.20522346
27-Feb-09,29.94152483
02-Mar-09,29.23598097
03-Mar-09,28.59080156
04-Mar-09,28.6748326
05-Mar-09,28.01036061
06-Mar-09,28.28917488
09-Mar-09,28.15022452
12-Mar-09,29.12253377
13-Mar-09,29.76791707
16-Mar-09,30.09581769
17-Mar-09,31.08359729
18-Mar-09,31.18687483
19-Mar-09,30.61028532
20-Mar-09,30.55297841
23-Mar-09,31.18422869
24-Mar-09,32.07162711
25-Mar-09,30.87870236
26-Mar-09,32.91627501
27-Mar-09,34.47683326
30-Mar-09,32.7506619
31-Mar-09,32.621545
01-Apr-09,33.30591376
02-Apr-09,34.23472506
06-Apr-09,35.7992431
08-Apr-09,37.60286665
09-Apr-09,39.49679849
13-Apr-09,40.66221194
15-Apr-09,42.15290979
16-Apr-09,41.23767499
17-Apr-09,41.08020791
20-Apr-09,42.63508602
21-Apr-09,44.24207909
22-Apr-09,44.07612904
23-Apr-09,41.95026389
24-Apr-09,43.39751068
27-Apr-09,43.32324459
28-Apr-09,41.20140743
29-Apr-09,40.95182521
04-May-09,43.19189062
05-May-09,46.81286759
06-May-09,47.65059753
07-May-09,46.77560341
08-May-09,46.2893819
11-May-09,45.01934801
12-May-09,44.22483696
13-May-09,44.07352366
14-May-09,42.81719248
15-May-09,43.49005901
18-May-09,47.22728199
19-May-09,51.21833448
20-May-09,57.01374015
21-May-09,58.02196851
22-May-09,56.75995925
25-May-09,59.779152
26-May-09,58.36180678
27-May-09,61.87798369
28-May-09,64.50550471
29-May-09,69.91099118
01-Jun-09,73.82807833
02-Jun-09,74.15665912
03-Jun-09,74.11569981
04-Jun-09,72.76556478
05-Jun-09,75.00186222
08-Jun-09,72.8687919
09-Jun-09,70.40319079
10-Jun-09,76.28776517
11-Jun-09,76.1887607
12-Jun-09,75.7214576
15-Jun-09,71.25844423
16-Jun-09,79.33903493
17-Jun-09,81.45917753
18-Jun-09,79.8914696
19-Jun-09,81.30566614
22-Jun-09,82.22199513
23-Jun-09,85.92850853
24-Jun-09,87.12034894
25-Jun-09,87.58329278
26-Jun-09,89.35685656
29-Jun-09,91.30903638
30-Jun-09,89.53743511
01-Jul-09,85.48198808
02-Jul-09,85.29775836
03-Jul-09,85.06884149
06-Jul-09,85.34027724
07-Jul-09,75.65699791
08-Jul-09,83.52612142
09-Jul-09,83.16515675
10-Jul-09,83.68872016
13-Jul-09,78.63886542
14-Jul-09,83.68400982
15-Jul-09,87.08402525
16-Jul-09,86.94369862
17-Jul-09,87.63756489
20-Jul-09,92.59530579
21-Jul-09,91.52099764
22-Jul-09,90.88798874
23-Jul-09,89.46348627
24-Jul-09,91.01394714
27-Jul-09,91.27126019
28-Jul-09,91.64267773
29-Jul-09,87.31851842
30-Jul-09,84.7243437
31-Jul-09,87.85381838
03-Aug-09,87.10357392
04-Aug-09,88.16129861
05-Aug-09,88.34696738
06-Aug-09,89.11415084
07-Aug-09,86.30645721
10-Aug-09,86.82244611
11-Aug-09,87.06845973
12-Aug-09,89.17903292
13-Aug-09,93.18957595
14-Aug-09,96.88436503
17-Aug-09,94.76738231
18-Aug-09,93.21288763
19-Aug-09,92.50462476
20-Aug-09,94.62740631
21-Aug-09,94.93264773
24-Aug-09,100.7545232
25-Aug-09,100.4729798
26-Aug-09,101.767408
27-Aug-09,99.76281154
28-Aug-09,100.3987906
31-Aug-09,101.4595993
01-Sep-09,102.3979979
02-Sep-09,98.98715797
03-Sep-09,100.4656722
04-Sep-09,99.71202213
07-Sep-09,102.4711153
08-Sep-09,101.3388451
09-Sep-09,99.94549979
10-Sep-09,100.0365835
11-Sep-09,103.8168606
14-Sep-09,106.5512815
15-Sep-09,108.805446
16-Sep-09,112.5946031
17-Sep-09,111.7896751
18-Sep-09,108.7364938
22-Sep-09,111.1890209
23-Sep-09,115.2884965
24-Sep-09,113.1882182
25-Sep-09,114.2238576
29-Sep-09,112.8953223
30-Sep-09,114.531376
01-Oct-09,113.3988424
05-Oct-09,114.1524228
06-Oct-09,110.943008
07-Oct-09,113.7712559
08-Oct-09,117.2435598
09-Oct-09,116.8853026
12-Oct-09,117.4481339
14-Oct-09,124.1529943
15-Oct-09,125.7121199
16-Oct-09,130.6083502
17-Oct-09,134.6374788
20-Oct-09,137.0460628
21-Oct-09,138.185634
22-Oct-09,134.3214147
23-Oct-09,138.6218717
26-Oct-09,136.4672281
27-Oct-09,129.0967938
28-Oct-09,120.6418662
29-Oct-09,119.4002058
30-Oct-09,121.6075883
03-Nov-09,115.0252162
04-Nov-09,114.789629
05-Nov-09,120.7343756
06-Nov-09,124.8042493
09-Nov-09,132.1565441
10-Nov-09,135.2917348
11-Nov-09,136.1891559
12-Nov-09,136.2224787
13-Nov-09,129.9317386
16-Nov-09,130.1477123
17-Nov-09,128.1965954
18-Nov-09,128.802334
19-Nov-09,127.0398862
20-Nov-09,127.7184788
23-Nov-09,127.2080619
24-Nov-09,122.9996921
25-Nov-09,123.8486777
26-Nov-09,123.3440136
27-Nov-09,118.2004093
30-Nov-09,123.9713359
01-Dec-09,124.6204829
02-Dec-09,132.6777347
03-Dec-09,139.4020844
04-Dec-09,137.3506596
07-Dec-09,134.6140279
08-Dec-09,140.2550932
09-Dec-09,139.0574863
10-Dec-09,145.0925444
11-Dec-09,144.22045
14-Dec-09,141.4940502
15-Dec-09,143.968718
16-Dec-09,140.6249649
17-Dec-09,140.5145606
18-Dec-09,138.8858131
21-Dec-09,135.096137
22-Dec-09,134.6516604
23-Dec-09,137.0572567
24-Dec-09,139.6003831
29-Dec-09,139.3499498
30-Dec-09,139.6683486
31-Dec-09,141.7947565
04-Jan-10,142.715408
05-Jan-10,142.9907424
06-Jan-10,145.4358497
07-Jan-10,143.8976383
08-Jan-10,142.9460653
11-Jan-10,142.6442838
12-Jan-10,141.5084691
13-Jan-10,137.5869418
14-Jan-10,138.3937127
15-Jan-10,142.6196709
18-Jan-10,142.844687
19-Jan-10,146.3610366
20-Jan-10,153.0759021
21-Jan-10,150.4269463
22-Jan-10,147.0830214
25-Jan-10,147.0611646
27-Jan-10,140.3381611
28-Jan-10,145.1683714
29-Jan-10,143.8858083
01-Feb-10,147.7507391
02-Feb-10,151.2989499
03-Feb-10,157.1398454
04-Feb-10,155.8167001
05-Feb-10,146.6406592
06-Feb-10,149.0099411
08-Feb-10,146.8773015
09-Feb-10,150.1180078
10-Feb-10,150.6832982
11-Feb-10,150.2813831
15-Feb-10,149.6077633
16-Feb-10,150.8526896
17-Feb-10,154.0519407
18-Feb-10,153.4579941
19-Feb-10,153.808788
22-Feb-10,155.8377559
23-Feb-10,150.4243083
24-Feb-10,149.2612582
25-Feb-10,148.3570949
26-Feb-10,149.4919906
02-Mar-10,152.9043853
03-Mar-10,161.8641044
04-Mar-10,163.9359083
05-Mar-10,160.7406333
08-Mar-10,159.9640285
09-Mar-10,156.7078301
10-Mar-10,161.0374904
11-Mar-10,158.2316251
12-Mar-10,160.1761669
15-Mar-10,160.080836
16-Mar-10,164.4452165
17-Mar-10,167.6718964
18-Mar-10,168.1926422
19-Mar-10,172.4160384
22-Mar-10,168.0360902
23-Mar-10,169.9540733
25-Mar-10,170.5818639
26-Mar-10,175.6846839
29-Mar-10,182.1652763
30-Mar-10,176.4344262
31-Mar-10,172.3577493
01-Apr-10,175.7326979
05-Apr-10,180.6119271
06-Apr-10,179.9928244
07-Apr-10,180.0622079
08-Apr-10,179.0425242
09-Apr-10,179.798693
12-Apr-10,178.6023893
13-Apr-10,180.0927958
15-Apr-10,180.4228085
16-Apr-10,178.9090773
19-Apr-10,180.9145465
20-Apr-10,184.381488
21-Apr-10,190.8260412
22-Apr-10,191.9269223
23-Apr-10,190.1528635
26-Apr-10,192.7187104
27-Apr-10,190.517375
28-Apr-10,187.1796675
29-Apr-10,191.046659
30-Apr-10,193.5615298
03-May-10,191.1401534
04-May-10,190.8626993
05-May-10,188.635935
06-May-10,190.5406081
07-May-10,182.5436601
10-May-10,182.580623
11-May-10,182.276421
12-May-10,182.7152338
13-May-10,184.8444715
14-May-10,184.0445084
17-May-10,177.8312634
18-May-10,186.7609058
19-May-10,185.1157652
20-May-10,197.8875521
21-May-10,187.1758595
24-May-10,190.3256096
25-May-10,182.4721097
26-May-10,180.4621303
27-May-10,183.0747604
28-May-10,190.6845317
31-May-10,194.7683125
01-Jun-10,189.8179682
02-Jun-10,185.8323516
03-Jun-10,187.524523
04-Jun-10,189.6822544
07-Jun-10,187.2609624
08-Jun-10,184.3599458
09-Jun-10,181.9266618
10-Jun-10,181.3297614
11-Jun-10,189.5835609
14-Jun-10,193.761751
15-Jun-10,191.6385774
16-Jun-10,192.1673286
17-Jun-10,192.8868129
18-Jun-10,194.9077172
21-Jun-10,201.1379677
22-Jun-10,209.1091113
23-Jun-10,204.1043355
24-Jun-10,198.759776
25-Jun-10,198.6517538
28-Jun-10,200.0104406
29-Jun-10,205.6689618
30-Jun-10,204.8649304
01-Jul-10,205.0777677
02-Jul-10,206.5773621
05-Jul-10,207.7170871
06-Jul-10,209.7972452
07-Jul-10,211.8353064
08-Jul-10,217.6521705
09-Jul-10,218.0793992
12-Jul-10,215.8140438
13-Jul-10,211.7870483
14-Jul-10,212.4064331
15-Jul-10,208.1037824
16-Jul-10,212.2373123
19-Jul-10,209.3184642
20-Jul-10,210.3784364
21-Jul-10,207.0948687
22-Jul-10,204.9550249
23-Jul-10,211.2017503
26-Jul-10,210.9991276
27-Jul-10,206.016433
28-Jul-10,205.1900501
29-Jul-10,203.3731109
30-Jul-10,206.1218693
02-Aug-10,205.9750349
03-Aug-10,209.3240352
04-Aug-10,208.1426884
05-Aug-10,209.2684044
06-Aug-10,206.883935
09-Aug-10,213.5183065
10-Aug-10,219.3627019
11-Aug-10,219.387013
12-Aug-10,220.2363215
13-Aug-10,224.6578725
16-Aug-10,221.1286718
17-Aug-10,220.281107
18-Aug-10,226.3075324
19-Aug-10,229.6494767
20-Aug-10,225.4124441
23-Aug-10,226.1459807
24-Aug-10,223.7716959
25-Aug-10,219.7623214
26-Aug-10,230.9747386
27-Aug-10,228.7455231
30-Aug-10,229.0895699
31-Aug-10,221.9411598
01-Sep-10,227.2924033
02-Sep-10,228.6712178
03-Sep-10,232.8091515
06-Sep-10,234.8595116
07-Sep-10,233.5399628
08-Sep-10,239.1349357
09-Sep-10,235.1690211
13-Sep-10,238.6555333
14-Sep-10,237.7599098
15-Sep-10,240.4576145
16-Sep-10,248.6338356
17-Sep-10,258.3432188
20-Sep-10,270.080033
21-Sep-10,268.7719336
22-Sep-10,263.9974984
23-Sep-10,256.7140799
24-Sep-10,253.2880193
27-Sep-10,258.6725456
28-Sep-10,264.7715711
29-Sep-10,268.123818
30-Sep-10,264.309594
01-Oct-10,263.8762875
04-Oct-10,266.3087565
05-Oct-10,275.6611779
06-Oct-10,279.3771011
07-Oct-10,277.4784435
08-Oct-10,278.3316881
11-Oct-10,281.3197741
12-Oct-10,271.3612464
13-Oct-10,267.6836819
14-Oct-10,270.7660056
15-Oct-10,268.9343586
18-Oct-10,260.9248089
19-Oct-10,266.5574087
20-Oct-10,263.4350821
21-Oct-10,265.2362628
22-Oct-10,271.2968157
25-Oct-10,276.4429856
26-Oct-10,270.1380238
27-Oct-10,271.6630176
28-Oct-10,272.2379646
29-Oct-10,267.6985551
01-Nov-10,284.4610533
02-Nov-10,280.3714487
03-Nov-10,281.0334045
04-Nov-10,280.647241
05-Nov-10,280.7880194
08-Nov-10,279.519748
09-Nov-10,286.9755447
10-Nov-10,290.3007795
11-Nov-10,299.9459689
12-Nov-10,286.4835799
15-Nov-10,288.1962219
16-Nov-10,288.4570688
18-Nov-10,275.8827497
19-Nov-10,268.2261699
22-Nov-10,277.2286063
23-Nov-10,286.592326
24-Nov-10,288.0567736
25-Nov-10,290.6222669
26-Nov-10,283.7197031
29-Nov-10,289.7258561
30-Nov-10,292.4413064
01-Dec-10,298.9619332
02-Dec-10,301.113953
03-Dec-10,292.5286954
06-Dec-10,292.1775404
07-Dec-10,282.9578606
08-Dec-10,278.953143
09-Dec-10,262.2075404
10-Dec-10,266.2698886
13-Dec-10,263.5430364
14-Dec-10,266.823515
15-Dec-10,258.6423211
16-Dec-10,249.2856329
20-Dec-10,246.3231031
21-Dec-10,248.6581112
22-Dec-10,251.5452742
23-Dec-10,249.5608923
24-Dec-10,251.8012932
27-Dec-10,251.5776195
28-Dec-10,251.6725389
29-Dec-10,253.2123393
30-Dec-10,258.8120975
31-Dec-10,267.6873694
03-Jan-11,266.687104
04-Jan-11,257.9702334
05-Jan-11,248.7072531
06-Jan-11,245.251436
07-Jan-11,233.8948506
10-Jan-11,227.4897799
11-Jan-11,231.0898411
12-Jan-11,238.1856623
13-Jan-11,236.3728081
14-Jan-11,234.5187146
17-Jan-11,228.0419523
18-Jan-11,233.1434762
19-Jan-11,235.3310354
20-Jan-11,237.4203338
21-Jan-11,235.2896387
24-Jan-11,237.5561989
25-Jan-11,237.1833225
27-Jan-11,225.7089369
28-Jan-11,214.0700343
31-Jan-11,217.1302792
01-Feb-11,220.7197546
02-Feb-11,225.9381125
03-Feb-11,224.0586925
04-Feb-11,224.1446939
07-Feb-11,221.5876896
08-Feb-11,221.1725605
09-Feb-11,215.6767573
10-Feb-11,216.2121636
11-Feb-11,209.0409306
14-Feb-11,218.8856118
15-Feb-11,223.7400742
16-Feb-11,224.1394325
17-Feb-11,229.8755861
18-Feb-11,230.645652
21-Feb-11,226.839793
22-Feb-11,234.1754081
23-Feb-11,233.8479992
24-Feb-11,224.1748302
25-Feb-11,217.9407424
28-Feb-11,219.2313534
01-Mar-11,232.6763315
03-Mar-11,230.9322412
04-Mar-11,237.9581647
07-Mar-11,239.2037621
08-Mar-11,246.9294641
09-Mar-11,248.8520883
10-Mar-11,241.9694884
11-Mar-11,241.4418489
14-Mar-11,243.6396591
15-Mar-11,244.9999942
16-Mar-11,248.2098463
17-Mar-11,246.8584193
18-Mar-11,244.889902
21-Mar-11,244.1027503
22-Mar-11,245.1402193
23-Mar-11,252.7866288
24-Mar-11,257.1421085
25-Mar-11,256.9807709
28-Mar-11,262.9504024
29-Mar-11,266.4811421
30-Mar-11,275.1945381
31-Mar-11,268.2001116
01-Apr-11,264.3333148
04-Apr-11,270.9369487
05-Apr-11,271.6803398
06-Apr-11,271.3389905
07-Apr-11,274.3665707
08-Apr-11,272.187598
11-Apr-11,273.9611124
13-Apr-11,280.4932218
15-Apr-11,279.6271993
18-Apr-11,280.455171
19-Apr-11,275.5197562
20-Apr-11,278.9976364
21-Apr-11,277.4661553
25-Apr-11,277.0009664
26-Apr-11,271.4533137
27-Apr-11,268.0661133
28-Apr-11,265.5812482
29-Apr-11,262.7872482
02-May-11,255.6654769
03-May-11,249.5208052
04-May-11,238.3334228
05-May-11,238.4131223
06-May-11,246.1172826
09-May-11,254.0253329
10-May-11,252.5067109
11-May-11,251.9484444
12-May-11,250.2253895
13-May-11,251.4968098
16-May-11,246.082515
17-May-11,241.1843471
18-May-11,240.3348824
19-May-11,241.3093205
20-May-11,247.4745933
23-May-11,242.8358013
24-May-11,245.5524467
25-May-11,245.0782755
26-May-11,249.2867726
27-May-11,257.3380153
30-May-11,261.1723537
31-May-11,262.81672
01-Jun-11,264.4052051
02-Jun-11,260.6671949
03-Jun-11,265.8006477
06-Jun-11,265.6005195
07-Jun-11,266.9052564
08-Jun-11,264.2356444
09-Jun-11,262.5506446
10-Jun-11,259.7868089
13-Jun-11,259.6321288
14-Jun-11,263.2539995
15-Jun-11,259.1044167
16-Jun-11,255.502341
17-Jun-11,254.5240124
20-Jun-11,250.6679808
21-Jun-11,253.6608768
22-Jun-11,252.4170624
23-Jun-11,252.5747041
24-Jun-11,262.093325
27-Jun-11,269.4739145
28-Jun-11,269.7839688
29-Jun-11,275.0837597
30-Jun-11,272.36178
01-Jul-11,276.4309915
04-Jul-11,280.4904189
05-Jul-11,284.9750234
06-Jul-11,288.5919482
07-Jul-11,286.5848556
08-Jul-11,288.2122701
11-Jul-11,281.6576279
12-Jul-11,275.6673978
13-Jul-11,277.117979
14-Jul-11,279.544077
15-Jul-11,280.6426668
18-Jul-11,278.8712194
19-Jul-11,278.2393235
20-Jul-11,277.6222789
21-Jul-11,274.359294
22-Jul-11,275.677508
25-Jul-11,277.151222
26-Jul-11,270.3966323
27-Jul-11,271.0311328
28-Jul-11,273.2378397
29-Jul-11,272.6075004
01-Aug-11,272.3674206
02-Aug-11,270.32347
03-Aug-11,268.5633749
04-Aug-11,268.7039981
05-Aug-11,260.4733538
08-Aug-11,261.0164145
09-Aug-11,257.8556954
10-Aug-11,265.8909253
11-Aug-11,265.9875907
12-Aug-11,258.8965164
16-Aug-11,256.5911572
17-Aug-11,248.7168066
18-Aug-11,242.1842934
19-Aug-11,236.9066597
22-Aug-11,233.2125396
23-Aug-11,239.7761609
24-Aug-11,239.6127774
25-Aug-11,234.2511275
26-Aug-11,230.9534472
29-Aug-11,237.3452645
30-Aug-11,245.6893802
02-Sep-11,251.1330143
05-Sep-11,253.0589505
06-Sep-11,252.5508163
07-Sep-11,260.360246
08-Sep-11,264.4451578
09-Sep-11,267.4964759
12-Sep-11,257.5932812
13-Sep-11,255.745347
14-Sep-11,255.6290023
15-Sep-11,262.1697735
16-Sep-11,266.4946415
19-Sep-11,266.7868393
20-Sep-11,271.7939214
21-Sep-11,272.0227232
22-Sep-11,260.1760029
23-Sep-11,253.8148872
26-Sep-11,251.7054622
27-Sep-11,263.3329937
28-Sep-11,265.0076792
29-Sep-11,266.6194654
30-Sep-11,266.7427885
03-Oct-11,256.4140776
04-Oct-11,250.6412052
05-Oct-11,240.5084824
07-Oct-11,248.1790464
10-Oct-11,247.2264017
11-Oct-11,254.8159843
12-Oct-11,256.5250085
13-Oct-11,261.0816157
14-Oct-11,262.4646303
17-Oct-11,268.9475751
18-Oct-11,268.9012611
19-Oct-11,271.0082251
20-Oct-11,268.9468927
21-Oct-11,273.2845461
24-Oct-11,274.4427228
25-Oct-11,274.8402562
26-Oct-11,278.2003775
28-Oct-11,281.5715574
31-Oct-11,283.9692185
01-Nov-11,282.6737624
02-Nov-11,277.6083509
03-Nov-11,277.7136077
04-Nov-11,277.7626417
08-Nov-11,274.2263804
09-Nov-11,269.9933045
11-Nov-11,267.7067828
14-Nov-11,264.3262823
15-Nov-11,259.2687001
16-Nov-11,249.1664979
17-Nov-11,253.7195875
18-Nov-11,251.0071334
21-Nov-11,253.9089245
22-Nov-11,251.8285032
23-Nov-11,246.950725
24-Nov-11,250.6449341
25-Nov-11,253.8358109
28-Nov-11,261.5404413
29-Nov-11,259.6547407
30-Nov-11,255.8447824
01-Dec-11,260.5754635
02-Dec-11,269.4659629
05-Dec-11,272.4165908
07-Dec-11,269.2297416
08-Dec-11,258.1493031
09-Dec-11,257.7969566
12-Dec-11,258.0151977
13-Dec-11,255.2561233
14-Dec-11,255.1345497
15-Dec-11,253.3243054
16-Dec-11,255.5858096
19-Dec-11,245.3730729
20-Dec-11,234.3452463
21-Dec-11,233.2925171
22-Dec-11,242.8079926
23-Dec-11,242.9772642
26-Dec-11,242.5768897
27-Dec-11,240.4708639
28-Dec-11,234.3399719
29-Dec-11,231.1361214
30-Dec-11,228.4635524
02-Jan-12,224.9877001
03-Jan-12,237.0582598
04-Jan-12,241.2755443
05-Jan-12,245.4700401
06-Jan-12,241.6198996
07-Jan-12,243.1142534
09-Jan-12,244.2806984
10-Jan-12,256.1945181
11-Jan-12,268.3271022
12-Jan-12,281.2086908
13-Jan-12,282.1117639
16-Jan-12,274.296657
17-Jan-12,278.4103563
18-Jan-12,272.838888
19-Jan-12,276.1867307
20-Jan-12,281.7092406
23-Jan-12,282.594058
24-Jan-12,284.5600121
25-Jan-12,292.3792789
27-Jan-12,294.4053868
30-Jan-12,281.3087753
31-Jan-12,287.8891237
01-Feb-12,291.1141992
02-Feb-12,296.3777919
03-Feb-12,297.9513427
06-Feb-12,303.8002522
07-Feb-12,302.6399735
08-Feb-12,304.4817072
09-Feb-12,306.3058847
10-Feb-12,315.0147905
13-Feb-12,321.585826
14-Feb-12,325.8222703
15-Feb-12,329.3576584
16-Feb-12,317.542235
17-Feb-12,321.1434224
21-Feb-12,316.822285
22-Feb-12,308.1628928
23-Feb-12,308.7231081
24-Feb-12,303.9641858
27-Feb-12,293.5566878
28-Feb-12,301.7748358
29-Feb-12,306.8772594
01-Mar-12,309.2639008
02-Mar-12,315.8157082
03-Mar-12,314.7806989
05-Mar-12,306.3413917
06-Mar-12,312.0076753
07-Mar-12,309.4268097
09-Mar-12,316.1646022
12-Mar-12,318.1918063
13-Mar-12,315.6008748
14-Mar-12,320.0218109
15-Mar-12,312.1537437
16-Mar-12,308.0474868
19-Mar-12,301.5200885
20-Mar-12,311.3551498
21-Mar-12,316.455009
22-Mar-12,320.0189833
23-Mar-12,312.1679126
26-Mar-12,308.1050266
27-Mar-12,305.9171767
28-Mar-12,301.0486209
29-Mar-12,303.9802339
30-Mar-12,318.2528099
02-Apr-12,323.2282027
03-Apr-12,329.0564717
04-Apr-12,331.2084094
09-Apr-12,330.8152039
10-Apr-12,331.3975055
11-Apr-12,333.3899578
12-Apr-12,337.5301863
13-Apr-12,336.4021094
16-Apr-12,337.4124611
17-Apr-12,340.5601476
18-Apr-12,344.2749849
19-Apr-12,348.0262814
20-Apr-12,345.1823602
23-Apr-12,339.2425672
24-Apr-12,336.991584
25-Apr-12,335.023624
26-Apr-12,334.1719766
27-Apr-12,324.8218582
28-Apr-12,322.5148626
30-Apr-12,329.2329933
02-May-12,326.9447327
03-May-12,320.0838923
04-May-12,320.9446686
07-May-12,322.3906423
08-May-12,320.5791846
09-May-12,310.4904425
10-May-12,316.4606849
11-May-12,312.5321027
14-May-12,311.7623432
15-May-12,306.1612766
16-May-12,298.6920857
17-May-12,305.6992449
18-May-12,304.1045518
21-May-12,309.5769217
22-May-12,306.4006947
23-May-12,301.9771155
24-May-12,303.5973486
25-May-12,306.6692199
28-May-12,310.0454571
29-May-12,310.8898058
30-May-12,302.4389492
31-May-12,298.4571898
01-Jun-12,299.1296657
04-Jun-12,292.3442863
05-Jun-12,303.252886
06-Jun-12,308.7391704
07-Jun-12,313.948821
08-Jun-12,321.3172683
11-Jun-12,331.0540915
12-Jun-12,328.8000202
13-Jun-12,324.8731303
14-Jun-12,316.3220084
15-Jun-12,317.9956955
18-Jun-12,314.4840504
19-Jun-12,313.0334708
20-Jun-12,316.9531664
21-Jun-12,321.4519055
22-Jun-12,323.2579911
25-Jun-12,328.2223995
26-Jun-12,327.3167301
27-Jun-12,328.9537152
28-Jun-12,327.249903
29-Jun-12,338.3408266
02-Jul-12,338.9941741
03-Jul-12,343.2484036
04-Jul-12,344.3309907
05-Jul-12,345.1671626
06-Jul-12,343.8078497
09-Jul-12,342.8041589
10-Jul-12,344.7211295
11-Jul-12,343.0429339
12-Jul-12,336.7321521
13-Jul-12,338.9810997
16-Jul-12,336.7079403
17-Jul-12,335.7304062
18-Jul-12,333.8115075
19-Jul-12,337.0639225
20-Jul-12,333.7744063
23-Jul-12,330.3021383
24-Jul-12,330.5880457
25-Jul-12,330.6371429
26-Jul-12,324.6495301
27-Jul-12,329.5116425
30-Jul-12,333.1583866
31-Jul-12,331.3998408
01-Aug-12,330.6027195
02-Aug-12,326.1497683
03-Aug-12,321.2896965
06-Aug-12,323.9476677
07-Aug-12,326.622196
08-Aug-12,326.3951676
09-Aug-12,322.9171238
10-Aug-12,322.9886647
13-Aug-12,324.7539462
14-Aug-12,331.5724461
16-Aug-12,334.7532415
17-Aug-12,334.7905236
21-Aug-12,331.7443095
22-Aug-12,336.6797758
23-Aug-12,334.3713699
24-Aug-12,328.3051267
27-Aug-12,326.819037
28-Aug-12,321.1078707
29-Aug-12,314.0226857
30-Aug-12,313.2294504
31-Aug-12,314.9306579
03-Sep-12,316.4785366
04-Sep-12,315.1875832
05-Sep-12,312.536042
06-Sep-12,313.0426998
07-Sep-12,316.6149867
08-Sep-12,316.9949833
10-Sep-12,316.3375441
11-Sep-12,311.3943482
12-Sep-12,310.7871643
13-Sep-12,311.492481
14-Sep-12,318.0561465
17-Sep-12,327.0949579
18-Sep-12,332.4979334
20-Sep-12,331.2827556
21-Sep-12,336.6203478
24-Sep-12,343.432848
25-Sep-12,345.555718
26-Sep-12,344.9587735
27-Sep-12,342.953502
28-Sep-12,352.0368105
01-Oct-12,359.6878507
03-Oct-12,368.2523445
04-Oct-12,371.664697
05-Oct-12,368.6509274
08-Oct-12,369.0518431
09-Oct-12,368.9968191
10-Oct-12,359.5204871
11-Oct-12,362.2411704
12-Oct-12,368.2849128
15-Oct-12,362.4364979
16-Oct-12,358.6375797
17-Oct-12,356.4839007
18-Oct-12,360.6996429
19-Oct-12,362.0835184
22-Oct-12,360.5018934
23-Oct-12,362.5708513
25-Oct-12,364.1587411
26-Oct-12,367.0205613
29-Oct-12,365.164563
30-Oct-12,367.1869757
31-Oct-12,362.4391646
01-Nov-12,365.0646497
02-Nov-12,367.5097817
05-Nov-12,364.9662935
06-Nov-12,363.068339
07-Nov-12,366.7628116
08-Nov-12,364.2303483
09-Nov-12,364.9984109
12-Nov-12,374.8615391
13-Nov-12,376.864647
15-Nov-12,376.2008952
16-Nov-12,382.5933026
19-Nov-12,373.9487589
20-Nov-12,369.8545101
21-Nov-12,368.1394157
22-Nov-12,369.2899053
23-Nov-12,374.6677664
26-Nov-12,384.2833529
27-Nov-12,395.219216
29-Nov-12,410.7736579
30-Nov-12,414.4964195
03-Dec-12,419.6483234
04-Dec-12,420.7039563
05-Dec-12,419.6841442
06-Dec-12,420.7453012
07-Dec-12,418.3618922
10-Dec-12,415.8122017
11-Dec-12,413.1019561
12-Dec-12,408.7404573
13-Dec-12,412.0414623
14-Dec-12,418.0434734
17-Dec-12,427.2347311
18-Dec-12,426.5608075
19-Dec-12,433.3183548
20-Dec-12,431.2938784
21-Dec-12,426.9484422
24-Dec-12,423.799401
26-Dec-12,423.0290931
27-Dec-12,419.4987417
28-Dec-12,415.555387
31-Dec-12,418.7711979
01-Jan-13,423.92936
02-Jan-13,433.2730375
03-Jan-13,434.0153888
04-Jan-13,430.9814057
07-Jan-13,434.6052595
08-Jan-13,434.4648625
09-Jan-13,436.3157192
10-Jan-13,441.8093089
11-Jan-13,436.6432581
14-Jan-13,435.6005437
15-Jan-13,441.8925487
16-Jan-13,434.7184709
17-Jan-13,430.7510334
18-Jan-13,420.6911944
21-Jan-13,412.9195169
22-Jan-13,416.1627419
23-Jan-13,420.9608924
24-Jan-13,429.9963976
25-Jan-13,429.6631845
28-Jan-13,431.7172734
29-Jan-13,428.3842197
30-Jan-13,434.6605623
31-Jan-13,435.2979353
01-Feb-13,438.1807117
04-Feb-13,438.4452261
05-Feb-13,431.8823636
06-Feb-13,432.4868073
07-Feb-13,430.5068893
08-Feb-13,424.2630531
11-Feb-13,427.2683134
12-Feb-13,434.8707757
13-Feb-13,443.1970143
14-Feb-13,443.8609163
15-Feb-13,438.1770149
18-Feb-13,441.3458175
19-Feb-13,442.7413475
20-Feb-13,440.4334898
21-Feb-13,434.6429324
22-Feb-13,428.2947967
25-Feb-13,428.3475122
26-Feb-13,423.9843325
27-Feb-13,423.5250914
28-Feb-13,423.4932415
01-Mar-13,404.3414461
04-Mar-13,398.2184558
05-Mar-13,406.2380091
06-Mar-13,417.3071097
07-Mar-13,419.0083208
08-Mar-13,428.728133
11-Mar-13,436.5619683
12-Mar-13,429.5445869
13-Mar-13,426.6539777
14-Mar-13,425.1980193
15-Mar-13,432.4092991
18-Mar-13,415.4587971
19-Mar-13,411.702224
20-Mar-13,402.0894657
21-Mar-13,408.0587089
22-Mar-13,407.3464655
25-Mar-13,396.4607175
26-Mar-13,398.293271
28-Mar-13,404.6138017
01-Apr-13,406.3910954
02-Apr-13,420.0648452
03-Apr-13,423.8817534
04-Apr-13,408.263285
05-Apr-13,400.382972
08-Apr-13,398.939855
09-Apr-13,395.5186634
10-Apr-13,388.0702034
11-Apr-13,396.3815463
12-Apr-13,397.8036968
15-Apr-13,402.5954654
16-Apr-13,412.148336
17-Apr-13,419.2267579
18-Apr-13,442.7820769
22-Apr-13,464.5636342
23-Apr-13,456.4249667
25-Apr-13,470.9980721
26-Apr-13,457.3381094
29-Apr-13,458.4511808
30-Apr-13,471.3501676
02-May-13,471.97537
03-May-13,467.8446738
06-May-13,468.2816506
07-May-13,486.8101052
08-May-13,490.5290427
09-May-13,490.7129192
10-May-13,501.3694749
11-May-13,507.3704171
13-May-13,496.6690927
14-May-13,491.5836077
15-May-13,508.1527977
16-May-13,520.5119195
17-May-13,510.9473602
20-May-13,509.4932307
21-May-13,500.1333065
22-May-13,494.5770916
23-May-13,490.6413498
24-May-13,497.407472
27-May-13,520.7816378
28-May-13,523.2212649
29-May-13,519.4585069
30-May-13,522.2455632
31-May-13,518.8566303
03-Jun-13,508.3857522
04-Jun-13,512.4443735
05-Jun-13,511.8038325
06-Jun-13,509.1597405
07-Jun-13,508.9552297
10-Jun-13,498.6576443
11-Jun-13,479.6476272
12-Jun-13,489.8424355
13-Jun-13,488.3094362
14-Jun-13,483.609189
17-Jun-13,481.173784
18-Jun-13,480.5978294
19-Jun-13,477.797951
20-Jun-13,458.4320431
21-Jun-13,458.7350699
24-Jun-13,454.5414503
25-Jun-13,468.0893327
26-Jun-13,459.3950502
27-Jun-13,455.9226419
28-Jun-13,461.1881948
01-Jul-13,475.1212426
02-Jul-13,475.693646
03-Jul-13,467.7683193
04-Jul-13,475.9597402
05-Jul-13,472.611722
08-Jul-13,482.3365071
09-Jul-13,500.0335991
10-Jul-13,500.7933777
11-Jul-13,511.8307516
12-Jul-13,503.2528952
15-Jul-13,506.7330924
16-Jul-13,471.9315794
17-Jul-13,455.7035961
18-Jul-13,460.9024117
19-Jul-13,448.8502404
22-Jul-13,455.9899649
23-Jul-13,466.6024326
24-Jul-13,428.2771778
25-Jul-13,424.4161862
26-Jul-13,416.9600722
29-Jul-13,415.5288906
30-Jul-13,406.8824085
31-Jul-13,381.8060124
01-Aug-13,385.2359001
02-Aug-13,396.7170027
05-Aug-13,390.2700905
06-Aug-13,365.4933837
07-Aug-13,368.3741054
08-Aug-13,370.7466214
12-Aug-13,375.2355171
13-Aug-13,381.7039514
14-Aug-13,383.7460437
16-Aug-13,366.1186219
19-Aug-13,348.0303518
20-Aug-13,336.2752875
21-Aug-13,367.6808538
22-Aug-13,357.6739321
23-Aug-13,369.0043464
26-Aug-13,376.1273789
27-Aug-13,349.8305351
28-Aug-13,331.0868768
29-Aug-13,351.005275
30-Aug-13,356.4188701
02-Sep-13,375.5849754
03-Sep-13,360.4424754
04-Sep-13,365.8107348
05-Sep-13,401.4668724
06-Sep-13,404.3340943
10-Sep-13,419.501845
11-Sep-13,415.8223933
12-Sep-13,404.080129
13-Sep-13,398.0374697
16-Sep-13,412.9430637
17-Sep-13,402.3909032
18-Sep-13,406.1049673
19-Sep-13,449.7306537
20-Sep-13,408.8242895
23-Sep-13,395.1387738
24-Sep-13,389.7145052
25-Sep-13,384.9261148
26-Sep-13,383.509112
27-Sep-13,379.8104515
30-Sep-13,367.6059778
01-Oct-13,377.8460772
03-Oct-13,395.4052819
04-Oct-13,397.6178619
07-Oct-13,391.6061853
08-Oct-13,410.7018095
09-Oct-13,406.6628683
10-Oct-13,414.4593064
11-Oct-13,424.5746473
14-Oct-13,432.3551542
15-Oct-13,415.493951
17-Oct-13,394.3145454
18-Oct-13,406.7252279
21-Oct-13,419.0499381
22-Oct-13,425.998824
23-Oct-13,427.6614705
24-Oct-13,428.1090385
25-Oct-13,423.8848941
28-Oct-13,425.6934523
29-Oct-13,420.8538762
30-Oct-13,445.0133633
31-Oct-13,446.0653049
01-Nov-13,450.6789513
03-Nov-13,450.0348947
05-Nov-13,454.2334222
06-Nov-13,445.9093721
07-Nov-13,435.6008065
08-Nov-13,428.2171843
11-Nov-13,415.144554
12-Nov-13,417.006981
13-Nov-13,407.3075767
14-Nov-13,414.6529436
18-Nov-13,417.3454818
19-Nov-13,425.3500054
20-Nov-13,424.1510653
21-Nov-13,407.2286165
22-Nov-13,408.8808743
25-Nov-13,417.1810939
26-Nov-13,418.0355169
27-Nov-13,408.7370334
28-Nov-13,416.2576317
29-Nov-13,422.3472532
02-Dec-13,429.8343923
03-Dec-13,429.226115
04-Dec-13,426.3633955
05-Dec-13,437.6862241
06-Dec-13,443.7354382
09-Dec-13,465.5681556
10-Dec-13,453.8038748
11-Dec-13,443.2493895
12-Dec-13,439.0899772
13-Dec-13,417.6999714
16-Dec-13,415.3554763
17-Dec-13,417.0506549
18-Dec-13,415.15007
19-Dec-13,420.2834499
20-Dec-13,423.785449
23-Dec-13,430.5357052
24-Dec-13,426.9852623
26-Dec-13,423.6163275
27-Dec-13,422.3585924
30-Dec-13,419.5381052
31-Dec-13,419.8301744
01-Jan-14,423.0743179
02-Jan-14,421.6871659
03-Jan-14,410.8612983
06-Jan-14,412.4543996
07-Jan-14,416.5303285
08-Jan-14,423.1867256
09-Jan-14,417.3738327
10-Jan-14,415.219652
13-Jan-14,408.2226227
14-Jan-14,416.5076592
15-Jan-14,422.4805237
16-Jan-14,427.1067019
17-Jan-14,425.0981562
20-Jan-14,429.7882203
21-Jan-14,436.3294351
22-Jan-14,434.8382717
23-Jan-14,429.9398684
24-Jan-14,420.1328577
27-Jan-14,397.195792
28-Jan-14,389.9794271
29-Jan-14,385.0550931
30-Jan-14,374.8504652
31-Jan-14,382.669513
03-Feb-14,381.7160114
04-Feb-14,383.9056312
05-Feb-14,392.5499778
06-Feb-14,392.4312351
07-Feb-14,389.3153026
10-Feb-14,387.9074952
11-Feb-14,386.9656776
12-Feb-14,387.4025737
13-Feb-14,378.8570591
14-Feb-14,376.1338909
17-Feb-14,378.7252993
18-Feb-14,387.8326863
19-Feb-14,391.2212868
20-Feb-14,386.1788165
21-Feb-14,390.0866028
24-Feb-14,395.8447426
25-Feb-14,401.9718793
26-Feb-14,397.9472275
28-Feb-14,399.1289986
03-Mar-14,397.2517385
04-Mar-14,405.2985333
05-Mar-14,415.3065036
06-Mar-14,421.0288853
07-Mar-14,441.0911437
10-Mar-14,461.8544093
11-Mar-14,468.7350825
12-Mar-14,466.7522983
13-Mar-14,473.5473998
14-Mar-14,463.9953368
18-Mar-14,477.1160828
19-Mar-14,478.8454959
20-Mar-14,471.9388043
21-Mar-14,473.7328914
22-Mar-14,470.6081867
24-Mar-14,489.1343667
25-Mar-14,488.6468095
26-Mar-14,491.6491888
27-Mar-14,491.2166282
28-Mar-14,503.811516
31-Mar-14,501.0251247
01-Apr-14,498.3537016
02-Apr-14,501.8941853
03-Apr-14,497.3569892
04-Apr-14,500.2441067
07-Apr-14,498.6736301
09-Apr-14,508.3475629
10-Apr-14,514.8742746
11-Apr-14,495.402243
15-Apr-14,488.095245
16-Apr-14,489.2424043
17-Apr-14,496.8329823
21-Apr-14,504.9961503
22-Apr-14,499.3905881
23-Apr-14,497.3802196
25-Apr-14,499.0623762
28-Apr-14,494.1331451
29-Apr-14,487.8218416
30-Apr-14,482.1538802
02-May-14,479.7101706
05-May-14,479.9879017
06-May-14,485.578364
07-May-14,492.1003464
08-May-14,491.7442333
09-May-14,507.9761734
12-May-14,524.7021624
13-May-14,535.1932256
14-May-14,536.2785542
15-May-14,539.3335127
16-May-14,572.1266163
19-May-14,573.2572199
20-May-14,560.2764999
21-May-14,558.6181805
22-May-14,566.1844037
23-May-14,564.4859724
26-May-14,558.9223901
27-May-14,551.3914925
28-May-14,556.0055091
29-May-14,551.2790576
30-May-14,538.6144652
02-Jun-14,542.7128006
03-Jun-14,544.3879905
04-Jun-14,542.4668509
05-Jun-14,535.3488016
06-Jun-14,543.0765918
09-Jun-14,556.5821341
10-Jun-14,552.7271953
11-Jun-14,563.2644731
12-Jun-14,551.6798706
13-Jun-14,541.4995642
16-Jun-14,534.3183256
17-Jun-14,543.1660026
18-Jun-14,545.7416047
19-Jun-14,551.4202982
20-Jun-14,554.7891988
23-Jun-14,563.3062359
24-Jun-14,572.4393345
25-Jun-14,575.0445036
26-Jun-14,572.6530194
27-Jun-14,568.8548647
30-Jun-14,573.0748136
01-Jul-14,573.6819736
02-Jul-14,579.809646
03-Jul-14,576.0979378
04-Jul-14,567.6054448
07-Jul-14,563.364829
08-Jul-14,557.9401244
09-Jul-14,551.1596262
10-Jul-14,544.951632
11-Jul-14,536.5352104
14-Jul-14,537.6922365
15-Jul-14,537.912667
16-Jul-14,539.9815704
17-Jul-14,539.4155723
18-Jul-14,537.1517639
21-Jul-14,556.8320053
22-Jul-14,558.4435359
23-Jul-14,556.5045073
24-Jul-14,552.0110192
25-Jul-14,551.4005849
28-Jul-14,553.6481203
30-Jul-14,555.8573611
31-Jul-14,565.6736251
01-Aug-14,555.4028046
04-Aug-14,553.6228232
05-Aug-14,553.0937621
06-Aug-14,551.7775224
07-Aug-14,551.2485314
08-Aug-14,538.4095389
11-Aug-14,539.6288382
12-Aug-14,542.9988667
13-Aug-14,538.6470457
14-Aug-14,544.0536905
18-Aug-14,550.9003072
19-Aug-14,564.0412106
20-Aug-14,567.1066866
21-Aug-14,570.1320718
22-Aug-14,570.9929675
25-Aug-14,577.0098652
26-Aug-14,563.212784
27-Aug-14,569.5688958
28-Aug-14,581.3236367
01-Sep-14,601.898146
02-Sep-14,614.1225553
03-Sep-14,616.2077019
04-Sep-14,608.7790853
05-Sep-14,612.7085266
08-Sep-14,618.1472654
09-Sep-14,622.8444315
10-Sep-14,627.1545328
11-Sep-14,631.0164155
12-Sep-14,630.5526393
15-Sep-14,623.5665311
16-Sep-14,623.0797304
17-Sep-14,619.6996787
18-Sep-14,624.539731
19-Sep-14,629.43766
22-Sep-14,630.3820799
23-Sep-14,638.4531006
24-Sep-14,622.7617789
25-Sep-14,616.8282996
26-Sep-14,617.5609746
29-Sep-14,624.051486
30-Sep-14,620.8731026
01-Oct-14,607.3720429
07-Oct-14,600.7818505
08-Oct-14,614.0977624
09-Oct-14,626.7467844
10-Oct-14,622.8795549
13-Oct-14,636.7819461
14-Oct-14,648.769123
16-Oct-14,651.2262249
17-Oct-14,659.2594209
20-Oct-14,668.6915274
21-Oct-14,673.2500209
22-Oct-14,682.116628
23-Oct-14,684.1534134
27-Oct-14,701.5642623
28-Oct-14,693.4013132
29-Oct-14,695.792126
30-Oct-14,701.9510136
31-Oct-14,715.1592138
03-Nov-14,710.8158038
05-Nov-14,721.2416889
07-Nov-14,727.2263705
10-Nov-14,727.3131993
11-Nov-14,721.8309874
12-Nov-14,726.0161407
13-Nov-14,729.3559033
14-Nov-14,728.6246119
17-Nov-14,727.2346906
18-Nov-14,723.1216231
19-Nov-14,715.8203697
20-Nov-14,706.7188998
21-Nov-14,715.718229
24-Nov-14,722.6593605
25-Nov-14,708.1918988
26-Nov-14,719.0312488
27-Nov-14,720.9404933
28-Nov-14,750.8873019
01-Dec-14,765.5453283
02-Dec-14,764.8277479
03-Dec-14,776.6862373
04-Dec-14,775.2090278
05-Dec-14,790.1713167
08-Dec-14,778.1147205
09-Dec-14,773.3288815
10-Dec-14,781.5924884
11-Dec-14,776.6814951
12-Dec-14,780.9713133
15-Dec-14,788.8282036
16-Dec-14,772.6139542
17-Dec-14,760.3212348
18-Dec-14,772.4050573
19-Dec-14,775.8649922
22-Dec-14,770.376733
23-Dec-14,783.6035579
24-Dec-14,788.7460752
26-Dec-14,783.6974202
29-Dec-14,786.3620641
30-Dec-14,783.2789465
31-Dec-14,804.2311074
01-Jan-15,807.0003612
02-Jan-15,817.0782538
05-Jan-15,816.620487
06-Jan-15,804.4958225
07-Jan-15,794.8574169
08-Jan-15,795.9085614
09-Jan-15,803.3922746
12-Jan-15,818.7013158
13-Jan-15,837.0192094
14-Jan-15,821.7571552
15-Jan-15,832.4453967
16-Jan-15,829.5981336
19-Jan-15,831.1621961
20-Jan-15,835.287749
21-Jan-15,849.9769749
22-Jan-15,845.3060884
23-Jan-15,857.2962404
27-Jan-15,861.2592812
28-Jan-15,870.4813883
29-Jan-15,871.0068293
30-Jan-15,873.7672413
02-Feb-15,868.6184828
03-Feb-15,872.9679341
04-Feb-15,859.9681744
05-Feb-15,867.3508401
06-Feb-15,851.8063822
09-Feb-15,827.9882047
10-Feb-15,840.8451006
11-Feb-15,855.8565956
12-Feb-15,859.1781985
13-Feb-15,871.3681721
16-Feb-15,870.0716629
18-Feb-15,860.9086934
19-Feb-15,856.2879903
20-Feb-15,869.2675623
23-Feb-15,872.2128602
24-Feb-15,862.3822731
25-Feb-15,865.1201424
26-Feb-15,851.5676324
27-Feb-15,852.7775878
28-Feb-15,885.5184701
02-Mar-15,932.66942
03-Mar-15,932.6552075
04-Mar-15,935.4919984
05-Mar-15,905.7573338
09-Mar-15,899.8275436
10-Mar-15,900.9265934
11-Mar-15,892.1734829
12-Mar-15,893.2359606
13-Mar-15,878.3864578
16-Mar-15,882.669305
17-Mar-15,891.2799525
18-Mar-15,908.4328908
19-Mar-15,896.9656851
20-Mar-15,886.8318955
23-Mar-15,887.890086
24-Mar-15,884.6717042
25-Mar-15,874.0505337
26-Mar-15,868.2988662
27-Mar-15,869.9869998
30-Mar-15,884.2388122
31-Mar-15,885.0568768
01-Apr-15,907.8136919
06-Apr-15,919.2553425
07-Apr-15,907.681494
08-Apr-15,905.3528609
09-Apr-15,928.1939459
10-Apr-15,944.4460814
13-Apr-15,947.637697
15-Apr-15,957.0019993
16-Apr-15,944.9896858
17-Apr-15,898.358264
20-Apr-15,854.884151
21-Apr-15,851.432434
22-Apr-15,837.6128372
23-Apr-15,859.2002554
24-Apr-15,839.3722821
27-Apr-15,822.0757706
28-Apr-15,825.9820907
29-Apr-15,830.4897547
30-Apr-15,827.6787355
04-May-15,841.5360648
05-May-15,840.5517337
06-May-15,813.9766083
07-May-15,792.9128129
08-May-15,809.9061262
11-May-15,816.7319726
12-May-15,801.4801244
13-May-15,808.7510638
14-May-15,812.4506585
15-May-15,833.3258163
18-May-15,845.3373895
19-May-15,849.5933805
20-May-15,852.2422861
21-May-15,845.4745133
22-May-15,855.2414506
25-May-15,854.6863426
26-May-15,850.5040652
27-May-15,856.5436913
28-May-15,859.2398174
29-May-15,872.1203518
01-Jun-15,880.5710702
02-Jun-15,861.7910534
03-Jun-15,839.9044479
04-Jun-15,844.3391342
05-Jun-15,836.4623446
08-Jun-15,816.3990321
09-Jun-15,810.0674097
10-Jun-15,825.2805022
11-Jun-15,808.5516597
12-Jun-15,797.4854604
15-Jun-15,798.9065422
16-Jun-15,805.974862
17-Jun-15,816.5414281
18-Jun-15,823.735745
19-Jun-15,831.6970172
22-Jun-15,848.2299372
23-Jun-15,839.8829565
24-Jun-15,846.4209449
25-Jun-15,858.5143718
26-Jun-15,862.9150175
29-Jun-15,854.9817698
30-Jun-15,864.8386844
01-Jul-15,876.065401
02-Jul-15,874.5847599
03-Jul-15,884.6229489
06-Jul-15,888.9629473
07-Jul-15,903.1698634
08-Jul-15,886.9956464
09-Jul-15,887.5307049
10-Jul-15,894.4450926
13-Jul-15,912.5079041
14-Jul-15,925.9607144
15-Jul-15,926.3430799
16-Jul-15,931.2965423
17-Jul-15,932.1056251
20-Jul-15,941.6924541
21-Jul-15,940.71135
22-Jul-15,942.9574396
23-Jul-15,951.4507859
24-Jul-15,958.4705952
27-Jul-15,939.4795289
28-Jul-15,943.87964
29-Jul-15,953.1019066
30-Jul-15,969.0792955
31-Jul-15,979.3733141
03-Aug-15,975.6563099
04-Aug-15,952.5207805
05-Aug-15,955.1346057
06-Aug-15,952.0805872
07-Aug-15,948.0969639
10-Aug-15,949.2489244
11-Aug-15,947.2550977
12-Aug-15,936.2244345
13-Aug-15,923.3726826
14-Aug-15,952.1502691
17-Aug-15,953.4804878
18-Aug-15,962.6027742
19-Aug-15,960.7660696
20-Aug-15,936.4998867
21-Aug-15,909.194361
24-Aug-15,862.609952
25-Aug-15,877.7090879
26-Aug-15,860.7731932
27-Aug-15,863.3111844
28-Aug-15,853.8682104
31-Aug-15,852.557403
01-Sep-15,829.6755314
02-Sep-15,822.0880744
03-Sep-15,841.1432218
04-Sep-15,831.8341571
07-Sep-15,841.3349919
08-Sep-15,836.0699825
09-Sep-15,857.9400513
10-Sep-15,855.5951896
11-Sep-15,871.0582378
14-Sep-15,875.6299337
15-Sep-15,878.3473581
16-Sep-15,897.7342189
18-Sep-15,919.3057653
21-Sep-15,916.5558335
22-Sep-15,900.5414669
23-Sep-15,899.4464136
24-Sep-15,913.3178525
28-Sep-15,928.6427184
29-Sep-15,931.507927
30-Sep-15,946.3577612
01-Oct-15,952.6464435
05-Oct-15,959.5018172
06-Oct-15,952.2330199
07-Oct-15,947.9678353
08-Oct-15,942.0100353
09-Oct-15,947.3305986
12-Oct-15,947.5700429
13-Oct-15,942.7119793
14-Oct-15,951.9479205
15-Oct-15,959.6327869
16-Oct-15,955.1984289
19-Oct-15,965.9501362
20-Oct-15,962.5544696
21-Oct-15,961.1637772
23-Oct-15,960.2851165
26-Oct-15,959.322657
27-Oct-15,953.8253703
28-Oct-15,948.8233377
29-Oct-15,913.2821724
30-Oct-15,916.3075594
02-Nov-15,910.0290971
03-Nov-15,914.3720039
04-Nov-15,915.2234639
05-Nov-15,906.1221114
06-Nov-15,917.1493821
09-Nov-15,910.7617788
10-Nov-15,900.6848697
11-Nov-15,898.6797828
13-Nov-15,889.6666568
16-Nov-15,911.0303485
17-Nov-15,906.6242453
18-Nov-15,904.3465697
19-Nov-15,912.5997691
20-Nov-15,924.510178
23-Nov-15,922.9394193
24-Nov-15,917.753535
26-Nov-15,920.7641342
27-Nov-15,919.9677893
30-Nov-15,934.069845
01-Dec-15,940.2725502
02-Dec-15,940.4099546
03-Dec-15,942.2264907
04-Dec-15,940.953154
07-Dec-15,950.4576768
08-Dec-15,950.1087265
09-Dec-15,933.1546996
10-Dec-15,926.2382275
11-Dec-15,922.8081001
14-Dec-15,912.8892056
15-Dec-15,913.4043275
16-Dec-15,932.5689488
17-Dec-15,942.3318152
18-Dec-15,936.9243213
21-Dec-15,944.9627402
22-Dec-15,941.364315
23-Dec-15,940.441307
24-Dec-15,941.7304117
28-Dec-15,954.584746
29-Dec-15,957.9222776
30-Dec-15,966.2864693
31-Dec-15,969.7166628
01-Jan-16,964.9358633
04-Jan-16,950.8129089
05-Jan-16,936.4898144
06-Jan-16,942.8646012
07-Jan-16,928.1265723
08-Jan-16,941.3840207
11-Jan-16,936.5488157
12-Jan-16,919.9191885
13-Jan-16,934.8073003
14-Jan-16,918.3771179
15-Jan-16,924.2222423
18-Jan-16,910.1317382
19-Jan-16,895.7979252
20-Jan-16,868.1570202
21-Jan-16,882.7101188
22-Jan-16,896.3904297
25-Jan-16,905.2415173
27-Jan-16,906.0337115
28-Jan-16,911.0455776
29-Jan-16,919.2910299
01-Feb-16,929.2465551
02-Feb-16,920.8515266
03-Feb-16,906.1224461
04-Feb-16,909.4680982
05-Feb-16,913.2884712
08-Feb-16,893.5593612
09-Feb-16,867.5852912
10-Feb-16,853.036939
11-Feb-16,814.3682265
12-Feb-16,812.5054666
15-Feb-16,825.0500346
16-Feb-16,831.7420454
17-Feb-16,825.7380172
18-Feb-16,842.7660281
19-Feb-16,841.5197943
22-Feb-16,848.8117192
23-Feb-16,838.4200288
24-Feb-16,826.2469024
25-Feb-16,811.6237777
26-Feb-16,816.4265854
29-Feb-16,811.7954286
01-Mar-16,854.4242637
02-Mar-16,886.4274538
03-Mar-16,892.2007928
04-Mar-16,905.8283031
08-Mar-16,920.3969944
09-Mar-16,929.2380237
10-Mar-16,928.1832155
11-Mar-16,924.776441
14-Mar-16,923.5862612
15-Mar-16,921.7000878
16-Mar-16,916.6120674
17-Mar-16,914.734867
18-Mar-16,922.9457292
21-Mar-16,931.320229
22-Mar-16,928.0782499
23-Mar-16,931.2959964
28-Mar-16,921.0740733
29-Mar-16,927.3978958
30-Mar-16,941.2220476
31-Mar-16,959.4745948
01-Apr-16,960.7077247
04-Apr-16,961.9637743
05-Apr-16,956.0155868
06-Apr-16,954.919299
07-Apr-16,947.9706082
08-Apr-16,940.5473649
11-Apr-16,950.3570744
12-Apr-16,965.5186532
13-Apr-16,982.4489609
18-Apr-16,985.7041764
20-Apr-16,982.7342695
21-Apr-16,976.8927655
22-Apr-16,981.4560617
25-Apr-16,980.3434449
26-Apr-16,1008.29431
27-Apr-16,1033.620489
28-Apr-16,1038.131904
29-Apr-16,1039.826264
02-May-16,1048.360867
03-May-16,1046.697202
04-May-16,1032.674347
05-May-16,1034.488828
06-May-16,1035.341547
09-May-16,1054.112698
10-May-16,1052.671415
11-May-16,1052.536126
12-May-16,1062.402307
13-May-16,1062.922193
16-May-16,1073.784674
17-May-16,1088.457852
18-May-16,1076.981111
19-May-16,1072.469271
20-May-16,1068.28581
23-May-16,1063.672868
24-May-16,1045.607375
25-May-16,1084.526527
26-May-16,1098.404023
27-May-16,1104.477365
30-May-16,1101.216497
31-May-16,1100.630217
01-Jun-16,1102.463585
02-Jun-16,1109.730944
03-Jun-16,1125.637037
06-Jun-16,1121.650285
07-Jun-16,1119.603462
08-Jun-16,1108.246443
09-Jun-16,1118.219453
10-Jun-16,1121.179108
13-Jun-16,1106.228519
14-Jun-16,1107.22449
15-Jun-16,1119.149851
16-Jun-16,1091.415141
17-Jun-16,1093.950198
20-Jun-16,1103.716597
21-Jun-16,1092.210909
22-Jun-16,1090.587605
23-Jun-16,1101.305394
24-Jun-16,1076.44669
27-Jun-16,1085.746298
28-Jun-16,1084.616379
29-Jun-16,1101.849679
30-Jun-16,1105.401379
01-Jul-16,1123.925336
04-Jul-16,1115.41506
05-Jul-16,1106.659526
07-Jul-16,1104.1879
08-Jul-16,1120.616784
11-Jul-16,1132.622285
12-Jul-16,1129.13275
13-Jul-16,1108.233517
14-Jul-16,1111.758351
15-Jul-16,1126.82203
18-Jul-16,1138.579013
19-Jul-16,1110.316392
20-Jul-16,1117.255827
21-Jul-16,1134.318241
22-Jul-16,1139.859513
25-Jul-16,1150.793174
26-Jul-16,1158.281168
27-Jul-16,1168.495388
28-Jul-16,1177.398468
29-Jul-16,1176.780382
01-Aug-16,1193.770506
02-Aug-16,1202.26851
03-Aug-16,1182.426983
04-Aug-16,1166.791627
05-Aug-16,1183.079344
08-Aug-16,1196.524909
09-Aug-16,1187.86168
10-Aug-16,1163.014072
11-Aug-16,1154.271074
12-Aug-16,1172.043427
16-Aug-16,1169.942797
17-Aug-16,1153.841861
18-Aug-16,1186.857972
19-Aug-16,1191.731729
22-Aug-16,1190.599082
23-Aug-16,1188.011295
24-Aug-16,1184.291281
25-Aug-16,1187.044327
26-Aug-16,1165.690219
29-Aug-16,1151.276243
30-Aug-16,1161.613216
31-Aug-16,1185.137255
01-Sep-16,1188.785595
02-Sep-16,1187.522387
06-Sep-16,1222.556931
07-Sep-16,1239.65651
08-Sep-16,1212.305706
09-Sep-16,1210.583883
12-Sep-16,1192.306953
14-Sep-16,1187.644534
15-Sep-16,1183.16587
16-Sep-16,1182.023893
19-Sep-16,1190.889644
20-Sep-16,1190.70687
21-Sep-16,1185.91577
22-Sep-16,1216.907674
23-Sep-16,1221.622419
26-Sep-16,1203.692184
27-Sep-16,1200.457663
28-Sep-16,1212.74295
29-Sep-16,1205.821486
30-Sep-16,1192.953174
03-Oct-16,1224.677942
04-Oct-16,1221.529405
05-Oct-16,1218.158743
06-Oct-16,1225.979153
07-Oct-16,1217.678072
10-Oct-16,1224.162039
13-Oct-16,1226.06343
14-Oct-16,1215.869865
17-Oct-16,1206.871306
18-Oct-16,1210.876337
19-Oct-16,1208.38034
20-Oct-16,1213.206917
21-Oct-16,1216.465681
24-Oct-16,1218.041766
25-Oct-16,1212.938948
26-Oct-16,1204.297412
27-Oct-16,1185.590125
28-Oct-16,1197.58819
30-Oct-16,1198.495763
01-Nov-16,1210.814621
02-Nov-16,1223.041787
03-Nov-16,1228.983247
04-Nov-16,1217.776469
07-Nov-16,1218.781787
08-Nov-16,1211.200048
09-Nov-16,1183.109718
10-Nov-16,1217.413461
11-Nov-16,1200.09522
15-Nov-16,1120.388409
16-Nov-16,1094.490245
17-Nov-16,1101.122277
18-Nov-16,1104.944545
21-Nov-16,1062.325991
22-Nov-16,1064.354441
23-Nov-16,1066.202305
24-Nov-16,1047.714924
25-Nov-16,1070.231241
28-Nov-16,1058.808201
29-Nov-16,1060.190995
30-Nov-16,1083.903935
01-Dec-16,1080.047922
02-Dec-16,1060.010526
05-Dec-16,1071.6121
06-Dec-16,1081.688544
07-Dec-16,1080.641346
08-Dec-16,1095.774068
09-Dec-16,1109.465631
12-Dec-16,1097.382667
13-Dec-16,1083.38872
14-Dec-16,1074.032882
15-Dec-16,1082.044111
16-Dec-16,1081.966336
19-Dec-16,1088.270329
20-Dec-16,1074.64242
21-Dec-16,1075.451249
22-Dec-16,1059.459157
23-Dec-16,1059.205376
26-Dec-16,1058.296298
27-Dec-16,1058.709152
28-Dec-16,1085.058523
29-Dec-16,1093.908976
30-Dec-16,1107.713459
02-Jan-17,1090.921497
03-Jan-17,1104.231938
04-Jan-17,1099.722618
05-Jan-17,1120.32092
06-Jan-17,1146.268731
09-Jan-17,1156.097869
10-Jan-17,1157.984107
11-Jan-17,1215.72741
12-Jan-17,1215.288155
13-Jan-17,1216.762237
16-Jan-17,1213.267932
17-Jan-17,1217.692353
18-Jan-17,1227.437111
19-Jan-17,1218.984405
20-Jan-17,1225.940753
23-Jan-17,1228.610955
24-Jan-17,1249.010127
25-Jan-17,1260.777568
27-Jan-17,1260.532614
30-Jan-17,1242.209306
31-Jan-17,1249.26858
01-Feb-17,1283.922334
02-Feb-17,1283.892546
03-Feb-17,1302.511464
06-Feb-17,1320.807085
07-Feb-17,1319.552517
08-Feb-17,1316.84892
09-Feb-17,1305.655321
10-Feb-17,1322.188313
13-Feb-17,1330.003687
14-Feb-17,1333.435296
15-Feb-17,1322.877405
16-Feb-17,1318.024757
17-Feb-17,1342.106037
20-Feb-17,1336.243712
21-Feb-17,1334.475118
22-Feb-17,1330.734416
23-Feb-17,1339.223826
27-Feb-17,1328.758579
28-Feb-17,1315.267122
01-Mar-17,1327.41455
02-Mar-17,1319.69098
03-Mar-17,1297.086184
06-Mar-17,1320.674267
07-Mar-17,1325.804968
08-Mar-17,1334.655494
09-Mar-17,1326.398029
10-Mar-17,1332.329224
14-Mar-17,1359.347548
15-Mar-17,1356.198695
16-Mar-17,1373.735699
17-Mar-17,1385.145161
20-Mar-17,1378.559374
21-Mar-17,1385.317638
22-Mar-17,1373.644926
23-Mar-17,1381.380038
24-Mar-17,1391.171997
27-Mar-17,1403.097226
28-Mar-17,1408.722707
29-Mar-17,1409.121727
30-Mar-17,1416.411015
31-Mar-17,1412.005945
03-Apr-17,1402.701714
05-Apr-17,1396.933645
06-Apr-17,1411.528132
07-Apr-17,1415.82702
10-Apr-17,1417.276812
11-Apr-17,1428.504476
12-Apr-17,1430.554338
13-Apr-17,1437.125801
17-Apr-17,1432.526394
18-Apr-17,1435.706575
19-Apr-17,1426.391034
20-Apr-17,1427.849264
21-Apr-17,1435.41684
24-Apr-17,1437.216328
25-Apr-17,1449.205659
26-Apr-17,1461.863283
27-Apr-17,1473.741938
28-Apr-17,1452.59151
02-May-17,1449.326056
03-May-17,1436.921348
04-May-17,1414.884201
05-May-17,1412.539278
08-May-17,1408.705789
09-May-17,1422.403339
10-May-17,1431.073955
11-May-17,1427.13077
12-May-17,1416.005126
15-May-17,1413.983118
16-May-17,1430.333343
17-May-17,1431.213174
18-May-17,1404.183132
19-May-17,1386.068873
22-May-17,1389.454051
23-May-17,1388.607771
24-May-17,1412.93945
25-May-17,1448.507855
26-May-17,1472.46231
29-May-17,1486.508958
30-May-17,1476.423285
31-May-17,1478.132653
01-Jun-17,1481.843629
02-Jun-17,1507.328655
05-Jun-17,1513.722014
06-Jun-17,1511.972732
07-Jun-17,1514.113339
08-Jun-17,1526.686683
09-Jun-17,1524.482816
12-Jun-17,1510.769013
13-Jun-17,1495.540346
14-Jun-17,1497.372349
15-Jun-17,1495.453253
16-Jun-17,1502.541306
19-Jun-17,1514.657817
20-Jun-17,1515.398772
21-Jun-17,1497.316456
22-Jun-17,1499.740821
23-Jun-17,1495.044671
27-Jun-17,1491.197549
28-Jun-17,1477.741425
29-Jun-17,1492.695121
30-Jun-17,1473.435051
03-Jul-17,1483.588542
04-Jul-17,1490.276204
05-Jul-17,1511.700376
06-Jul-17,1516.146565
07-Jul-17,1519.489584
10-Jul-17,1543.201024
11-Jul-17,1561.078853
12-Jul-17,1572.100835
13-Jul-17,1579.781225
14-Jul-17,1578.647059
17-Jul-17,1570.959216
18-Jul-17,1571.655839
19-Jul-17,1577.700859
20-Jul-17,1570.050647
21-Jul-17,1563.720404
24-Jul-17,1555.024918
25-Jul-17,1545.080324
26-Jul-17,1566.999311
27-Jul-17,1609.95942
28-Jul-17,1617.426428
31-Jul-17,1635.932777
01-Aug-17,1654.091514
02-Aug-17,1659.843438
03-Aug-17,1645.284798
04-Aug-17,1660.080684
07-Aug-17,1653.97188
08-Aug-17,1637.174968
09-Aug-17,1637.363817
10-Aug-17,1618.974176
11-Aug-17,1616.4
14-Aug-17,1625.237329
16-Aug-17,1637.014105
17-Aug-17,1632.972312
18-Aug-17,1614.712946
21-Aug-17,1629.721945
22-Aug-17,1626.833873
23-Aug-17,1640.970138
24-Aug-17,1670.55489
28-Aug-17,1663.09547
29-Aug-17,1651.450025
30-Aug-17,1658.915475
31-Aug-17,1660.349786
01-Sep-17,1682.326808
04-Sep-17,1673.588818
05-Sep-17,1677.275155
06-Sep-17,1686.21049
07-Sep-17,1701.407501
08-Sep-17,1698.992109
11-Sep-17,1774.217121
12-Sep-17,1754.782703
13-Sep-17,1750.783009
14-Sep-17,1731.135485
15-Sep-17,1708.839164
18-Sep-17,1729.011027
19-Sep-17,1748.376832
20-Sep-17,1731.797064
21-Sep-17,1722.163533
22-Sep-17,1703.940294
25-Sep-17,1704.544998
26-Sep-17,1692.394207
27-Sep-17,1679.185756
28-Sep-17,1661.442452
29-Sep-17,1680.068574
03-Oct-17,1691.01825
04-Oct-17,1696.286342
05-Oct-17,1694.142905
06-Oct-17,1686.294721
09-Oct-17,1697.887051
10-Oct-17,1719.748873
11-Oct-17,1726.352462
12-Oct-17,1731.489594
13-Oct-17,1750.027938
16-Oct-17,1718.413516
17-Oct-17,1711.87538
18-Oct-17,1714.032817
19-Oct-17,1701.189795
23-Oct-17,1696.370419
24-Oct-17,1672.001767
25-Oct-17,1630.824399
26-Oct-17,1580.841608
27-Oct-17,1633.876604
30-Oct-17,1624.069064
31-Oct-17,1631.366611
01-Nov-17,1637.027157
02-Nov-17,1635.041214
03-Nov-17,1662.230687
06-Nov-17,1654.194434
07-Nov-17,1655.076818
08-Nov-17,1672.331571
09-Nov-17,1665.069147
10-Nov-17,1657.586315
13-Nov-17,1656.624312
14-Nov-17,1635.692342
15-Nov-17,1606.085881
16-Nov-17,1604.499104
17-Nov-17,1628.394724
20-Nov-17,1649.531387
21-Nov-17,1651.833006
22-Nov-17,1638.603235
23-Nov-17,1643.810636
24-Nov-17,1673.402458
27-Nov-17,1654.916532
28-Nov-17,1681.192813
29-Nov-17,1677.101658
30-Nov-17,1666.763232
01-Dec-17,1665.88756
04-Dec-17,1658.361885
05-Dec-17,1652.369046
06-Dec-17,1661.775846
07-Dec-17,1651.671148
08-Dec-17,1675.440889
11-Dec-17,1678.477485
12-Dec-17,1652.659451
13-Dec-17,1646.565786
14-Dec-17,1643.788743
15-Dec-17,1676.75914
18-Dec-17,1678.455881
19-Dec-17,1670.938844
20-Dec-17,1668.674158
21-Dec-17,1661.619639
22-Dec-17,1650.820609
26-Dec-17,1658.273989
27-Dec-17,1660.532958
28-Dec-17,1651.215198
29-Dec-17,1651.882805
01-Jan-18,1639.483419
02-Jan-18,1639.701398
03-Jan-18,1645.89732
04-Jan-18,1643.955753
05-Jan-18,1677.471734
08-Jan-18,1715.81222
09-Jan-18,1715.846832
10-Jan-18,1729.07852
11-Jan-18,1716.902486
12-Jan-18,1702.11781
15-Jan-18,1689.158864
16-Jan-18,1675.168342
17-Jan-18,1661.053237
18-Jan-18,1692.27062
19-Jan-18,1680.873869
22-Jan-18,1688.620275
23-Jan-18,1710.437396
24-Jan-18,1720.741425
25-Jan-18,1721.062932
29-Jan-18,1741.001803
30-Jan-18,1732.058268
31-Jan-18,1746.935256
01-Feb-18,1783.283912
02-Feb-18,1759.044195
05-Feb-18,1714.087394
06-Feb-18,1667.451884
07-Feb-18,1683.880865
08-Feb-18,1671.232825
09-Feb-18,1651.202175
12-Feb-18,1672.013592
14-Feb-18,1688.565591
15-Feb-18,1694.308105
16-Feb-18,1688.250047
19-Feb-18,1649.224759
20-Feb-18,1630.935702
21-Feb-18,1607.486946
22-Feb-18,1612.841072
23-Feb-18,1638.603947
26-Feb-18,1684.309557
27-Feb-18,1690.01539
28-Feb-18,1676.533338
01-Mar-18,1694.883658
05-Mar-18,1686.232744
06-Mar-18,1718.778639
07-Mar-18,1701.115291
08-Mar-18,1694.601208
09-Mar-18,1695.789164
12-Mar-18,1724.814254
13-Mar-18,1737.074748
14-Mar-18,1724.785079
15-Mar-18,1739.304593
16-Mar-18,1744.498314
19-Mar-18,1720.780474
20-Mar-18,1712.304536
21-Mar-18,1734.360237
22-Mar-18,1751.373037
23-Mar-18,1740.969015
26-Mar-18,1761.629695
27-Mar-18,1777.63882
28-Mar-18,1793.755645
02-Apr-18,1793.886458
03-Apr-18,1827.252878
04-Apr-18,1812.161272
05-Apr-18,1825.840541
06-Apr-18,1825.138658
09-Apr-18,1859.631703
10-Apr-18,1855.070706
11-Apr-18,1851.136239
12-Apr-18,1855.807666
13-Apr-18,1861.328711
16-Apr-18,1866.807905
17-Apr-18,1865.320114
18-Apr-18,1855.146399
19-Apr-18,1827.801866
20-Apr-18,1811.145793
23-Apr-18,1865.884659
24-Apr-18,1872.40054
25-Apr-18,1858.038843
26-Apr-18,1871.544395
27-Apr-18,1881.472297
30-Apr-18,1896.257908
02-May-18,1867.590667
03-May-18,1865.241985
04-May-18,1889.268885
07-May-18,1887.262091
08-May-18,1854.367569
09-May-18,1873.344329
10-May-18,1887.966292
11-May-18,1884.581867
14-May-18,1908.52488
15-May-18,1931.784088
16-May-18,1922.377165
17-May-18,1916.642367
18-May-18,1927.210433
21-May-18,1929.160662
22-May-18,1913.102642
23-May-18,1868.441181
24-May-18,1856.642766
25-May-18,1903.005133
28-May-18,1913.072729
29-May-18,1895.831975
30-May-18,1877.44754
31-May-18,1920.688511
01-Jun-18,1925.53829
04-Jun-18,1915.36168
05-Jun-18,1904.195685
06-Jun-18,1903.567657
07-Jun-18,1923.14143
08-Jun-18,1891.296136
11-Jun-18,1910.553246
12-Jun-18,1940.530107
13-Jun-18,1955.509285
14-Jun-18,1958.96316
15-Jun-18,1966.116371
18-Jun-18,1975.089127
19-Jun-18,1932.224349
20-Jun-18,1954.441108
21-Jun-18,1957.643994
22-Jun-18,1941.914693
25-Jun-18,1965.205919
26-Jun-18,1978.715313
27-Jun-18,1972.167817
28-Jun-18,1961.233991
29-Jun-18,1946.598569
02-Jul-18,1943.448389
03-Jul-18,1945.882864
04-Jul-18,1967.618512
05-Jul-18,1974.607229
06-Jul-18,1962.240497
09-Jul-18,1963.691034
10-Jul-18,1942.902792
11-Jul-18,1921.299803
12-Jul-18,1940.205507
13-Jul-18,1931.202651
16-Jul-18,1936.140635
17-Jul-18,1904.05348
18-Jul-18,1903.367124
19-Jul-18,1891.982182
20-Jul-18,1900.939606
23-Jul-18,1931.449881
24-Jul-18,1949.384205
25-Jul-18,1958.065503
26-Jul-18,1966.075394
27-Jul-18,1973.206216
30-Jul-18,1972.69944
31-Jul-18,1984.485055
01-Aug-18,2007.629758
02-Aug-18,2020.609823
03-Aug-18,2021.599161
06-Aug-18,2014.152305
07-Aug-18,1993.666523
08-Aug-18,2003.234513
09-Aug-18,1987.449277
10-Aug-18,1978.423475
13-Aug-18,1980.283345
14-Aug-18,1990.103159
16-Aug-18,1981.268702
17-Aug-18,1989.683683
20-Aug-18,1992.322164
21-Aug-18,1976.702214
23-Aug-18,1958.345671
24-Aug-18,1932.413131
27-Aug-18,1950.200087
28-Aug-18,1948.847547
29-Aug-18,1915.002007
30-Aug-18,1881.235256
31-Aug-18,1887.855577
03-Sep-18,1899.468619
04-Sep-18,1858.721301
05-Sep-18,1842.355043
06-Sep-18,1873.598407
07-Sep-18,1874.452701
10-Sep-18,1831.596095
11-Sep-18,1842.40229
12-Sep-18,1821.150997
14-Sep-18,1866.191177
17-Sep-18,1873.95701
18-Sep-18,1866.891445
19-Sep-18,1825.987623
21-Sep-18,1784.708371
24-Sep-18,1682.847733
25-Sep-18,1700.476293
26-Sep-18,1699.06702
27-Sep-18,1690.895844
28-Sep-18,1690.96252
01-Oct-18,1638.335529
03-Oct-18,1618.860815
04-Oct-18,1589.450805
05-Oct-18,1616.506921
08-Oct-18,1601.530507
09-Oct-18,1606.035224
10-Oct-18,1623.860088
11-Oct-18,1594.079817
12-Oct-18,1645.984027
15-Oct-18,1614.377796
16-Oct-18,1651.815564
17-Oct-18,1627.222683
19-Oct-18,1584.028313
22-Oct-18,1467.671559
23-Oct-18,1472.921606
24-Oct-18,1510.305443
25-Oct-18,1501.392759
26-Oct-18,1469.489628
29-Oct-18,1403.260186
30-Oct-18,1381.846196
31-Oct-18,1385.807029
01-Nov-18,1451.407693
02-Nov-18,1524.694624
05-Nov-18,1501.402412
06-Nov-18,1477.47582
07-Nov-18,1482.411469
09-Nov-18,1499.697774
12-Nov-18,1498.432484
13-Nov-18,1479.914834
14-Nov-18,1511.336637
15-Nov-18,1517.431557
16-Nov-18,1507.657555
19-Nov-18,1524.205274
20-Nov-18,1559.421917
21-Nov-18,1548.209582
22-Nov-18,1538.285701
26-Nov-18,1557.124891
27-Nov-18,1573.701426
28-Nov-18,1608.965907
29-Nov-18,1647.459698
30-Nov-18,1644.91373
03-Dec-18,1648.464924
04-Dec-18,1640.632263
05-Dec-18,1607.968099
06-Dec-18,1573.160764
07-Dec-18,1552.858017
10-Dec-18,1557.284131
11-Dec-18,1535.781576
12-Dec-18,1569.69606
13-Dec-18,1607.183971
14-Dec-18,1602.815374
17-Dec-18,1627.699701
18-Dec-18,1630.481872
19-Dec-18,1626.332852
20-Dec-18,1609.131283
21-Dec-18,1590.05961
24-Dec-18,1568.082775
26-Dec-18,1536.07321
27-Dec-18,1578.012467
28-Dec-18,1587.504262
31-Dec-18,1596.662306
01-Jan-19,1583.317132
02-Jan-19,1581.697743
03-Jan-19,1564.778153
04-Jan-19,1552.690495
07-Jan-19,1579.858659
08-Jan-19,1573.04826
09-Jan-19,1578.939155
10-Jan-19,1568.450314
11-Jan-19,1534.766782
14-Jan-19,1485.166304
15-Jan-19,1496.093659
16-Jan-19,1523.068132
17-Jan-19,1520.450454
18-Jan-19,1523.853392
21-Jan-19,1508.087181
22-Jan-19,1492.465785
23-Jan-19,1496.670885
24-Jan-19,1488.91236
25-Jan-19,1495.462406
28-Jan-19,1466.131196
29-Jan-19,1454.422111
30-Jan-19,1477.438534
31-Jan-19,1502.502991
01-Feb-19,1513.792002
04-Feb-19,1488.318288
05-Feb-19,1537.651066
06-Feb-19,1523.986955
07-Feb-19,1515.165432
08-Feb-19,1509.121661
11-Feb-19,1496.29309
12-Feb-19,1497.54705
13-Feb-19,1495.789062
14-Feb-19,1515.018859
15-Feb-19,1508.624886
18-Feb-19,1517.092734
19-Feb-19,1497.999211
20-Feb-19,1480.628655
21-Feb-19,1470.184792
22-Feb-19,1477.906196
25-Feb-19,1478.244783
26-Feb-19,1477.765844
27-Feb-19,1475.485095
28-Feb-19,1479.804018
01-Mar-19,1502.582551
05-Mar-19,1529.683178
06-Mar-19,1533.294646
07-Mar-19,1531.861724
08-Mar-19,1525.686309
11-Mar-19,1511.625205
12-Mar-19,1545.467098
13-Mar-19,1585.714862
14-Mar-19,1677.399608
15-Mar-19,1706.995899
18-Mar-19,1718.057149
19-Mar-19,1726.00605
20-Mar-19,1713.267098
22-Mar-19,1709.240298
25-Mar-19,1686.163182
26-Mar-19,1693.299342
27-Mar-19,1786.692926
28-Mar-19,1803.299266
29-Mar-19,1787.224982
01-Apr-19,1758.772412
02-Apr-19,1767.618958
03-Apr-19,1795.473288
04-Apr-19,1753.50394
05-Apr-19,1762.696132
08-Apr-19,1771.037217
09-Apr-19,1753.694887
10-Apr-19,1762.147611
11-Apr-19,1739.873484
12-Apr-19,1735.312407
15-Apr-19,1754.315075
16-Apr-19,1797.530971
18-Apr-19,1786.974582
22-Apr-19,1713.015522
23-Apr-19,1679.730856
24-Apr-19,1688.623915
25-Apr-19,1701.672467
26-Apr-19,1683.330454
30-Apr-19,1605.526466
02-May-19,1584.339518
03-May-19,1565.737944
06-May-19,1530.96809
07-May-19,1516.051193
08-May-19,1503.654209
09-May-19,1477.879005
10-May-19,1457.006471
13-May-19,1420.498208
14-May-19,1413.423591
15-May-19,1419.740932
16-May-19,1365.384976
17-May-19,1375.293597
20-May-19,1457.737517
21-May-19,1468.47741
22-May-19,1475.857515
23-May-19,1603.817606
24-May-19,1629.598274
27-May-19,1624.593901
28-May-19,1618.093039
29-May-19,1617.202675
30-May-19,1601.851607
31-May-19,1592.354934
03-Jun-19,1615.076235
04-Jun-19,1654.292274
06-Jun-19,1555.158625
07-Jun-19,1528.818531
10-Jun-19,1560.476977
11-Jun-19,1581.177399
12-Jun-19,1581.408228
13-Jun-19,1477.940065
14-Jun-19,1437.339389
17-Jun-19,1410.792258
18-Jun-19,1424.255695
19-Jun-19,1404.369173
20-Jun-19,1407.688069
21-Jun-19,1446.071408
24-Jun-19,1463.979834
25-Jun-19,1452.420067
26-Jun-19,1439.112973
27-Jun-19,1452.067282
28-Jun-19,1423.154367
01-Jul-19,1427.496447
02-Jul-19,1428.842703
03-Jul-19,1456.099559
04-Jul-19,1500.178453
05-Jul-19,1518.596207
08-Jul-19,1507.634909
09-Jul-19,1485.720389
10-Jul-19,1494.191094
11-Jul-19,1530.2974
12-Jul-19,1533.295871
15-Jul-19,1494.860373
16-Jul-19,1472.783169
17-Jul-19,1481.977598
18-Jul-19,1483.286613
19-Jul-19,1436.438345
22-Jul-19,1407.317008
23-Jul-19,1420.062673
24-Jul-19,1380.590571
25-Jul-19,1399.683431
26-Jul-19,1405.475465
29-Jul-19,1422.139525
30-Jul-19,1376.439087
31-Jul-19,1383.532152
01-Aug-19,1406.981989
02-Aug-19,1383.188963
05-Aug-19,1369.063408
06-Aug-19,1419.136807
07-Aug-19,1444.482195
08-Aug-19,1393.953832
09-Aug-19,1425.980765
13-Aug-19,1386.188501
14-Aug-19,1399.824681
16-Aug-19,1417.208522
19-Aug-19,1445.727425
20-Aug-19,1411.503801
21-Aug-19,1390.220559
22-Aug-19,1340.454283
23-Aug-19,1314.617119
26-Aug-19,1313.375052
27-Aug-19,1385.628758
28-Aug-19,1382.098902
29-Aug-19,1356.014557
30-Aug-19,1363.506631
03-Sep-19,1370.844919
04-Sep-19,1315.680479
05-Sep-19,1314.318418
06-Sep-19,1327.114031
09-Sep-19,1329.048718
11-Sep-19,1367.835557
12-Sep-19,1395.928463
13-Sep-19,1386.99591
16-Sep-19,1379.939989
17-Sep-19,1355.223009
18-Sep-19,1338.921201
19-Sep-19,1294.001032
20-Sep-19,1373.118974
23-Sep-19,1515.981088
24-Sep-19,1514.583444
25-Sep-19,1509.761929
26-Sep-19,1534.676548
27-Sep-19,1509.076045
30-Sep-19,1390.783092
01-Oct-19,1301.078624
03-Oct-19,1263.066325
04-Oct-19,1273.055854
07-Oct-19,1241.415179
09-Oct-19,1282.7225
10-Oct-19,1270.782964
11-Oct-19,1219.815577
14-Oct-19,1249.739349
15-Oct-19,1260.685129
16-Oct-19,1276.097402
17-Oct-19,1314.451253
18-Oct-19,1339.61311
22-Oct-19,1343.690711
23-Oct-19,1327.012471
24-Oct-19,1299.476571
25-Oct-19,1271.129303
27-Oct-19,1278.44814
29-Oct-19,1278.122613
30-Oct-19,1303.818557
31-Oct-19,1316.1141
01-Nov-19,1363.361345
04-Nov-19,1373.693692
05-Nov-19,1337.7315
06-Nov-19,1334.455222
07-Nov-19,1381.338358
08-Nov-19,1422.61665
11-Nov-19,1432.754688
13-Nov-19,1433.851054
14-Nov-19,1371.205877
15-Nov-19,1365.301657
18-Nov-19,1371.724699
19-Nov-19,1391.252478
20-Nov-19,1451.454958
21-Nov-19,1462.03662
22-Nov-19,1447.29947
25-Nov-19,1478.96104
26-Nov-19,1507.917401
27-Nov-19,1524.010641
28-Nov-19,1547.70721
29-Nov-19,1567.948859
02-Dec-19,1576.069779
03-Dec-19,1551.750599
04-Dec-19,1537.450906
05-Dec-19,1525.709569
06-Dec-19,1489.950879
09-Dec-19,1465.340408
10-Dec-19,1428.538427
11-Dec-19,1412.625563
12-Dec-19,1438.793198
13-Dec-19,1472.116729
16-Dec-19,1496.008005
17-Dec-19,1496.80131
18-Dec-19,1496.437948
19-Dec-19,1491.254374
20-Dec-19,1495.077809
23-Dec-19,1494.229411
24-Dec-19,1523.377282
26-Dec-19,1515.559389
27-Dec-19,1526.107307
30-Dec-19,1538.508544
31-Dec-19,1516.12113
