ID,Location,Age,Gender,A1,A2,A3,A4,A5,B1,B2,B3,B4,B5,B6,B7,B8,B9
1,5,21,1,3,4,6,6,6,0,0,1,0,0,1,1,0,0
2,5,34,2,1,3,4,2,2,0,1,1,0,0,0,0,0,1
3,7,20,1,2,4,4,4,3,0,1,0,0,0,0,1,0,0
4,6,42,2,2,6,6,4,4,1,0,0,0,0,0,0,0,0
5,6,25,2,1,6,6,1,4,0,1,1,0,0,0,1,0,1
6,6,28,1,5,4,5,4,5,0,1,1,0,0,0,0,0,0
7,6,27,1,2,1,5,1,6,0,0,0,0,1,0,0,0,0
8,6,38,1,2,6,6,5,6,0,0,0,0,0,0,0,0,0
9,6,35,1,2,4,5,5,3,0,1,0,0,1,0,1,0,0
10,6,38,1,1,6,6,1,4,0,1,0,0,0,0,0,0,0
11,6,20,1,1,6,6,6,5,0,1,1,1,0,1,0,0,1
12,6,37,2,2,6,6,5,6,0,0,0,0,0,0,0,0,1
13,6,22,1,4,5,3,6,4,0,0,0,0,0,0,0,0,1
14,6,25,1,4,4,4,3,3,0,1,0,0,0,0,0,0,0
15,5,20,2,1,2,1,5,6,0,1,0,0,0,0,0,0,1
16,5,27,2,1,6,6,1,6,0,0,0,0,0,1,0,0,0
17,6,37,2,1,6,6,4,4,0,1,0,0,0,0,0,0,0
18,6,22,1,1,5,5,4,4,0,1,1,0,0,0,0,0,1
19,6,40,2,4,5,6,5,4,0,0,0,1,0,1,0,0,1
20,6,45,2,6,5,2,4,5,0,1,1,0,0,1,0,0,1
21,6,18,2,1,6,6,3,5,0,1,0,0,0,1,0,0,1
22,6,18,1,1,5,5,1,1,0,1,0,0,0,0,0,0,1
23,6,31,2,2,4,4,3,3,0,1,1,0,0,0,0,0,0
24,6,23,2,2,5,6,4,4,0,0,1,0,0,1,0,0,1
25,6,40,1,3,6,5,3,4,0,1,0,0,0,0,0,0,0
26,6,37,2,2,6,6,3,5,0,0,0,0,0,0,0,0,1
27,6,40,1,2,5,5,1,2,0,0,1,0,0,0,0,0,0
28,7,40,2,3,5,5,4,4,0,0,1,0,0,1,0,0,0
29,7,20,1,1,2,4,4,6,0,1,1,0,0,0,0,0,1
30,7,22,1,3,6,5,5,6,0,0,0,0,0,1,0,0,0
31,7,30,2,6,4,5,4,5,0,1,1,0,0,1,0,0,0
32,7,40,2,6,6,6,3,5,0,1,0,0,0,0,0,0,1
33,1,25,1,1,6,6,3,6,0,1,0,0,0,1,0,0,0
34,4,45,2,1,6,4,1,5,0,0,0,0,1,0,0,0,1
35,1,45,2,1,6,6,6,6,0,0,0,0,0,0,0,0,0
36,1,42,1,1,6,1,1,6,0,1,1,0,0,0,0,0,1
37,1,34,1,2,5,6,3,5,0,1,0,0,0,0,0,0,0
38,1,22,1,1,2,4,3,5,0,0,0,0,1,0,0,0,0
39,1,18,1,1,5,6,6,3,0,1,0,0,0,0,0,0,0
40,1,21,1,1,5,6,2,3,0,1,0,0,0,0,0,0,1
41,1,30,1,2,6,4,6,5,0,0,0,0,0,1,0,0,0
42,4,38,1,3,6,4,4,2,0,0,0,0,0,0,1,0,1
43,6,30,1,1,6,4,4,2,0,0,1,0,0,1,0,0,1
44,6,20,1,3,4,4,4,4,1,1,0,0,0,1,1,0,0
45,6,17,1,5,2,2,3,4,0,1,0,0,0,0,0,0,0
46,6,18,1,1,6,5,5,4,1,0,0,1,1,0,1,0,0
47,6,30,2,1,6,6,3,6,0,1,0,0,0,0,0,0,0
48,6,17,2,4,4,6,4,6,0,0,0,1,0,0,0,0,0
49,6,35,1,1,6,6,1,6,0,1,0,0,0,0,0,0,0
50,6,39,2,1,5,6,1,6,0,0,0,0,0,0,0,0,1
51,6,30,1,2,6,6,6,6,0,0,0,0,0,0,0,0,1
52,6,39,1,1,5,2,3,4,0,1,0,0,0,1,0,0,0
53,6,26,1,4,4,4,2,5,0,0,0,0,0,0,0,1,1
54,6,28,2,1,6,5,4,5,0,0,0,0,0,0,0,0,0
55,6,29,1,1,6,6,1,4,0,1,0,0,0,0,0,0,0
56,6,23,1,1,5,4,4,3,0,1,0,0,0,0,0,0,1
57,6,37,1,1,6,6,5,4,0,0,0,1,1,0,0,0,1
58,6,40,2,2,5,5,5,5,0,0,0,0,0,0,0,0,1
59,5,36,2,2,6,6,6,6,0,0,1,0,0,0,0,0,0
60,5,30,2,1,5,4,3,4,0,0,0,0,0,0,0,0,0
61,5,17,2,1,5,5,1,4,0,1,0,0,0,0,1,0,1
62,5,21,2,1,4,4,6,4,1,0,0,0,0,0,0,0,1
63,5,34,1,1,6,6,5,6,1,0,0,0,1,0,0,0,0
64,5,28,1,5,5,6,2,5,0,1,0,0,1,0,0,0,1
65,5,30,1,2,6,6,1,4,0,1,0,0,0,0,0,0,0
66,5,35,2,1,6,4,1,6,0,1,1,0,0,1,0,0,1
67,5,19,2,1,6,6,6,5,0,0,0,0,0,0,1,0,1
68,5,23,2,4,6,6,1,5,0,0,0,0,0,0,0,0,1
69,5,30,1,1,6,6,6,6,0,0,1,1,0,0,0,0,1
70,5,36,2,1,3,2,5,6,0,0,0,0,0,0,0,0,1
71,4,17,1,3,4,4,4,4,0,0,0,0,0,0,0,0,1
72,4,37,2,1,3,4,3,2,0,1,0,0,0,1,0,0,0
73,5,42,2,3,4,5,2,5,1,0,0,0,0,0,0,0,0
74,5,18,2,1,6,6,1,6,0,0,0,0,0,0,0,0,1
75,5,22,2,1,3,2,1,4,0,1,0,0,0,0,0,0,0
76,5,16,2,1,6,6,6,5,0,1,0,0,0,0,0,0,1
77,5,35,2,1,5,3,5,2,0,1,0,0,0,0,0,0,1
78,5,32,2,1,3,1,3,4,0,1,0,0,0,1,0,0,1
79,5,42,1,2,5,3,4,4,0,1,0,0,0,1,0,0,1
80,5,42,2,1,6,2,2,4,0,0,0,0,0,0,0,0,0
81,5,29,2,1,4,5,2,2,0,0,1,0,0,1,0,0,1
82,5,28,1,1,6,6,1,6,0,0,0,0,0,0,0,0,1
83,1,38,2,2,5,4,2,4,0,1,0,0,0,0,0,0,0
84,1,21,2,3,3,2,2,6,0,0,0,0,0,0,0,0,1
85,1,30,1,6,3,5,2,4,0,0,0,1,1,0,0,0,1
86,1,22,2,1,6,6,6,6,0,0,0,1,1,0,0,0,1
87,1,21,2,3,4,3,5,4,0,0,0,0,1,1,0,0,1
88,1,24,2,2,6,6,6,3,0,1,1,0,0,0,0,0,1
89,1,16,1,3,4,4,4,4,0,1,0,0,0,0,0,0,0
90,1,41,2,2,1,1,2,6,0,1,0,0,0,0,0,0,1
91,1,18,1,1,6,6,2,6,0,0,0,1,1,0,0,0,0
92,1,18,1,1,4,5,2,5,0,1,1,0,0,0,0,0,1
93,3,22,2,1,4,6,4,5,0,0,0,1,1,0,0,0,0
94,3,34,2,4,3,5,2,4,0,1,1,0,0,0,0,0,1
95,6,23,1,5,6,6,3,6,0,0,0,0,0,0,0,0,0
96,6,44,2,1,6,6,6,6,0,0,0,0,0,0,0,0,0
97,6,31,2,3,4,3,3,4,0,1,1,0,0,0,0,0,1
98,6,21,1,3,5,3,2,5,0,0,1,1,0,0,0,0,0
99,6,17,1,2,5,5,5,5,0,1,1,0,0,0,0,0,1
100,6,40,1,1,6,5,6,5,1,1,1,0,0,0,0,0,1
101,6,22,1,1,3,4,4,4,0,0,0,0,0,0,0,0,0
102,6,21,1,5,5,5,5,5,0,0,0,1,1,0,0,0,1
103,6,37,2,1,5,5,2,5,0,0,0,0,0,0,0,0,0
104,3,24,1,6,6,6,1,4,0,1,1,0,0,0,0,0,1
105,3,20,2,1,6,6,1,4,0,1,0,0,0,0,0,0,1
106,6,28,1,1,4,5,1,4,0,1,0,0,0,0,0,0,1
107,6,32,1,5,3,4,4,5,0,0,0,0,1,0,0,0,1
108,6,20,1,1,6,3,2,4,0,0,0,0,0,0,0,0,0
109,2,21,2,2,3,3,2,4,0,0,0,0,0,0,1,0,1
110,2,28,2,2,5,4,4,3,0,1,1,0,0,0,0,0,1
111,2,20,1,3,6,5,4,5,0,0,0,1,1,0,0,0,0
112,2,43,2,2,4,4,3,3,0,0,1,0,0,0,0,0,0
113,2,40,2,1,5,4,5,3,0,1,1,0,0,1,0,0,1
114,2,23,2,1,6,3,2,4,0,1,0,0,0,0,0,0,0
115,2,18,2,2,6,5,2,5,0,0,1,1,0,0,0,0,1
116,2,45,1,2,6,5,2,4,0,0,1,0,1,0,0,0,1
117,2,23,2,2,6,6,4,6,0,0,0,1,0,0,0,0,0
118,2,23,2,1,6,6,6,6,0,0,0,1,1,0,0,0,0
119,2,23,1,1,3,4,5,4,0,0,0,0,1,0,0,0,0
120,2,30,2,3,6,6,4,5,0,0,0,1,1,0,0,0,0
121,1,36,1,1,6,5,6,6,0,0,0,0,0,0,0,0,0
122,1,42,1,6,6,6,6,6,0,0,0,0,0,0,0,0,0
123,1,42,1,1,5,6,1,5,0,1,0,0,0,0,0,0,1
124,1,25,2,1,6,6,6,5,1,1,0,0,0,1,0,0,1
125,2,40,2,3,4,3,4,5,0,1,0,0,0,0,0,0,1
126,2,36,1,1,6,6,6,6,0,0,0,0,0,1,0,0,0
127,2,18,2,6,6,6,4,6,0,0,0,0,1,0,0,0,0
128,2,18,1,3,6,6,4,6,0,0,0,1,0,0,0,0,0
129,2,20,1,1,4,4,2,4,0,1,0,0,0,0,0,0,1
130,2,35,2,1,6,6,1,6,0,0,0,0,0,0,0,0,0
131,5,19,2,3,3,1,3,5,0,0,0,0,0,0,0,0,0
132,5,23,1,2,4,4,2,3,0,0,0,0,0,0,0,0,0
133,5,21,2,1,1,6,1,6,0,1,1,0,0,0,0,0,1
134,5,17,2,3,6,4,5,4,0,1,1,0,0,0,0,0,0
135,5,35,1,1,6,6,3,5,0,1,0,0,0,0,0,0,0
136,1,16,1,2,4,4,4,4,0,0,0,0,0,1,0,0,1
137,1,40,2,3,4,4,6,2,0,0,0,0,0,1,0,0,0
138,1,35,2,2,6,6,2,6,0,0,0,1,1,0,0,0,1
139,1,34,2,3,6,1,6,4,0,0,0,1,1,0,0,0,0
140,1,30,2,3,4,4,3,4,0,0,0,0,0,0,0,0,0
141,1,21,1,1,6,6,4,5,0,1,0,1,0,0,0,0,0
142,1,18,1,2,4,5,5,5,0,0,0,1,1,1,0,0,0
143,1,21,2,2,5,5,5,4,0,0,1,0,0,1,0,0,1
144,1,40,2,2,2,5,4,5,0,0,1,0,0,0,0,0,1
145,1,24,1,2,6,6,3,6,0,0,0,1,0,1,0,0,0
146,1,44,2,1,5,4,5,6,0,0,1,0,0,0,0,0,1
147,1,25,2,1,6,6,2,6,0,1,0,0,0,0,0,0,1
148,1,30,1,3,6,6,1,6,0,0,0,1,1,0,0,0,1
149,1,27,2,4,4,4,3,3,0,0,0,0,0,0,0,0,1
150,1,21,1,2,6,6,4,5,0,0,0,1,1,0,0,0,1
151,1,28,1,1,6,6,6,6,0,0,0,0,1,0,0,0,1
152,1,23,1,1,6,6,6,5,0,0,0,1,1,0,0,0,0
153,1,29,1,5,4,2,4,5,0,0,0,0,0,0,0,0,1
154,1,22,1,1,6,6,2,4,0,1,0,0,0,1,0,0,0
155,1,32,1,1,4,3,3,5,0,0,0,0,1,0,0,0,1
156,7,31,2,1,6,6,6,6,0,0,0,0,0,0,0,0,0
157,4,19,1,2,6,6,5,4,0,0,0,1,1,1,0,0,1
158,2,18,2,1,4,6,6,4,0,0,0,0,0,1,0,0,1
159,2,45,2,3,4,3,4,4,0,0,1,0,0,0,0,0,0
160,2,30,2,2,5,5,5,5,0,0,0,0,0,0,0,0,1
161,2,28,2,3,6,5,3,4,0,0,1,0,0,0,0,0,0
162,2,24,2,3,2,4,4,4,0,0,0,1,1,0,0,0,1
163,2,20,2,2,4,5,4,4,0,1,0,0,0,1,0,0,1
164,4,23,1,1,5,5,2,4,0,0,1,0,0,0,0,0,0
165,7,45,2,3,4,3,3,4,0,0,0,0,0,0,0,0,0
166,7,41,2,1,6,2,4,5,1,0,0,0,1,0,0,0,1
167,7,30,1,1,6,6,6,6,0,1,0,0,0,1,0,0,0
168,7,35,2,1,6,6,1,6,0,0,0,1,1,0,0,0,0
169,7,40,2,3,6,5,4,4,0,0,0,0,0,0,0,1,1
170,7,24,1,2,6,5,5,6,0,0,0,1,0,1,0,0,1
171,7,26,2,1,6,6,5,6,0,0,0,0,1,0,0,0,1
172,7,27,2,3,6,6,5,5,0,0,0,0,1,1,0,0,1
173,7,41,2,5,6,6,3,5,0,0,0,0,1,0,0,0,1
174,7,35,2,1,6,5,5,6,0,0,0,0,0,0,0,0,1
175,7,17,2,1,6,6,4,4,0,1,1,0,0,1,0,0,1
176,7,19,2,2,6,5,5,5,1,0,0,0,0,0,0,0,0
177,7,23,1,4,6,6,4,6,0,0,0,1,1,0,0,0,0
178,7,44,1,1,6,6,3,6,0,1,0,0,0,0,0,0,0
179,7,32,2,2,6,6,2,5,0,0,0,1,0,0,0,0,1
180,7,23,1,1,5,4,3,3,0,0,0,1,1,1,0,0,0
181,7,23,2,2,5,6,1,5,0,0,0,0,0,0,0,0,0
182,7,27,1,1,6,4,3,3,0,0,0,0,0,0,0,0,0
183,1,16,2,1,6,4,2,6,0,0,0,0,0,0,0,0,1
184,1,26,2,3,5,6,3,5,0,0,0,1,1,1,0,0,0
185,1,33,2,1,4,4,5,4,0,0,0,0,0,1,0,0,1
186,1,23,1,1,6,6,6,6,0,1,0,1,1,0,0,0,0
187,1,28,2,3,3,4,4,6,0,1,0,0,0,1,0,1,1
188,4,18,2,5,6,4,2,4,0,0,0,1,1,1,0,0,1
189,5,36,1,2,5,5,4,5,0,0,0,1,1,0,0,0,0
190,5,40,2,1,6,6,5,6,0,0,0,0,0,0,0,0,1
191,5,23,2,1,6,6,5,6,1,0,0,1,1,0,0,0,1
192,5,32,2,3,2,2,4,5,0,0,0,0,0,0,0,0,1
193,5,40,2,3,5,1,6,3,0,1,0,0,0,0,0,0,1
194,5,33,1,2,6,6,5,4,0,0,1,0,0,0,0,0,1
195,5,38,2,1,6,6,6,6,0,0,0,0,0,0,0,0,1
196,5,29,2,1,6,6,3,6,0,0,0,1,1,0,0,0,0
197,5,34,1,1,6,6,6,5,0,1,0,0,0,1,1,0,1
198,5,30,2,4,5,5,2,5,0,1,0,0,0,0,0,0,1
199,4,40,2,4,4,5,5,3,0,1,0,0,0,1,0,0,1
200,3,25,1,5,1,5,5,4,0,1,0,0,0,0,0,0,0
201,3,18,1,1,1,6,4,4,0,0,0,0,0,0,0,0,1
202,3,30,1,1,6,6,6,6,0,1,0,0,1,0,0,0,1
203,1,16,1,2,6,6,5,4,0,1,0,0,0,1,0,0,1
204,1,33,1,1,6,6,3,6,0,0,0,1,1,0,0,0,0
205,1,17,1,1,6,6,4,5,0,0,0,1,1,0,0,0,1
206,1,21,1,2,6,5,2,4,0,1,0,1,0,0,0,0,0
207,1,21,2,2,6,6,4,6,0,0,0,1,1,0,0,0,1
208,1,19,2,1,1,6,6,6,0,0,0,0,0,0,0,0,0
209,1,19,1,1,6,6,6,4,0,0,0,1,0,1,0,0,1
210,1,17,1,1,4,5,4,4,0,0,0,0,0,0,0,0,1
211,1,20,1,2,6,5,5,4,1,0,0,1,1,1,0,0,1
212,1,20,2,2,6,6,3,6,0,0,0,1,0,0,0,0,0
213,6,26,2,3,6,6,4,5,0,0,0,1,1,0,0,0,0
214,6,30,2,4,6,6,3,6,0,0,0,1,1,0,0,0,0
215,6,16,1,4,4,4,4,4,0,0,0,0,0,1,0,0,0
216,6,28,2,1,6,6,4,5,0,0,0,1,1,0,0,0,1
217,6,38,2,1,6,6,1,6,0,0,0,0,0,0,0,0,0
218,6,25,1,2,5,4,6,4,0,0,1,0,0,0,0,0,0
219,6,23,1,1,6,5,5,5,1,0,0,1,0,1,0,0,0
220,6,42,1,2,6,3,3,4,0,0,0,0,0,0,0,0,0
221,6,23,1,1,4,6,1,6,0,0,0,1,1,1,0,0,0
222,6,24,1,1,6,6,6,6,0,0,0,1,1,0,0,0,1
223,2,18,1,2,5,5,5,5,1,0,0,0,0,0,0,0,0
224,2,25,1,1,6,4,5,2,0,1,0,0,0,0,0,0,1
225,2,33,1,6,5,6,5,5,0,0,0,0,0,0,0,0,0
226,2,21,2,6,5,3,5,4,0,0,1,1,0,0,0,0,1
227,2,16,1,1,6,6,1,4,0,0,0,1,0,0,0,0,1
228,4,28,2,3,6,4,1,6,0,0,0,1,1,0,0,0,1
229,2,40,1,1,4,4,4,3,0,1,0,0,0,0,0,0,1
230,2,34,2,3,6,6,3,6,0,0,0,1,1,0,0,0,0
231,2,20,2,1,4,6,6,6,0,0,0,1,1,0,0,0,0
232,2,21,1,2,5,5,3,5,0,1,0,0,0,1,0,0,1
233,2,35,2,1,6,6,6,6,0,0,0,1,1,0,0,0,0
234,2,39,2,2,6,6,2,4,0,1,1,0,0,0,0,0,1
235,6,25,1,2,5,5,4,5,0,1,1,0,0,0,0,0,0
236,6,22,2,1,6,5,2,5,0,1,0,0,1,0,0,0,1
237,6,41,1,2,6,6,3,4,0,0,0,0,1,0,0,0,0
238,6,45,2,2,6,6,3,4,0,0,0,1,1,0,0,0,1
239,6,25,2,1,6,6,2,5,0,1,0,0,0,0,0,0,1
240,6,17,2,4,6,4,3,3,0,0,0,0,0,0,0,0,1
241,6,26,2,4,5,5,5,2,0,0,0,0,0,1,0,0,1
242,6,19,2,2,6,6,1,6,0,0,0,1,0,0,0,0,1
243,1,19,1,1,6,4,2,5,0,1,0,0,0,0,1,0,1
244,1,44,2,1,5,6,3,5,0,1,0,0,0,0,0,0,1
245,1,18,2,3,6,6,3,6,0,0,0,1,0,0,0,0,0
246,1,30,2,1,6,6,6,4,0,0,0,0,0,1,0,0,1
247,1,19,1,1,6,6,1,3,0,0,0,1,1,0,0,0,0
248,4,45,2,1,6,6,5,5,0,1,0,0,0,1,0,0,1
249,4,30,2,3,4,3,4,4,0,0,0,1,1,0,0,0,0
250,4,25,1,1,6,6,6,4,0,1,0,0,0,0,0,0,1
251,4,21,1,1,5,5,2,4,0,1,0,0,0,0,1,0,1
252,4,21,1,3,4,2,4,4,0,0,0,1,0,0,0,0,0
253,4,27,1,1,6,6,2,6,0,1,1,0,0,0,1,0,0
254,4,23,2,2,6,6,2,5,0,1,0,0,0,0,0,0,0
255,4,40,2,1,5,5,4,6,1,0,0,0,0,0,1,0,0
256,2,35,2,2,2,5,3,4,0,0,0,0,0,0,0,0,0
257,2,27,1,2,6,6,4,4,0,1,0,0,0,0,0,0,1
258,2,18,2,1,6,5,2,3,0,1,1,0,0,1,0,0,1
259,2,22,2,2,6,6,2,4,0,1,0,0,0,0,0,0,0
260,2,21,2,2,5,5,6,3,0,0,1,0,0,0,0,0,1
261,2,24,2,1,6,6,6,6,0,0,0,1,1,0,0,0,1
262,2,32,2,1,5,4,4,4,0,1,0,0,0,0,0,0,1
263,2,36,2,2,5,5,5,4,0,0,0,0,0,1,0,0,1
264,2,36,2,1,6,6,3,5,0,0,0,0,0,1,0,0,1
265,2,29,2,2,4,4,4,3,0,1,0,0,0,1,0,0,1
266,2,35,2,3,6,4,4,4,0,0,0,1,0,0,0,0,0
267,2,26,1,1,6,6,3,4,0,0,0,0,0,0,0,0,0
268,2,40,1,1,4,4,4,3,0,0,0,0,0,0,0,0,0
269,2,45,2,2,5,4,2,5,0,1,0,0,0,0,0,0,0
270,2,18,1,2,4,3,3,4,0,1,1,0,0,0,1,0,1
271,2,17,2,3,5,4,2,4,0,0,0,0,0,0,0,0,1
272,2,32,1,3,4,4,3,4,0,0,0,1,0,0,0,0,1
273,2,35,2,3,6,5,4,3,0,0,0,1,0,1,0,0,1
274,2,25,1,1,6,6,1,4,0,1,0,0,0,0,0,0,1
275,2,42,2,1,4,5,1,2,0,0,1,0,0,0,0,0,0
276,7,18,2,3,4,4,1,6,0,1,0,0,0,0,0,0,1
277,7,18,1,2,1,5,1,1,0,1,0,0,0,0,0,0,1
278,7,22,2,5,6,6,6,5,0,0,0,0,1,0,0,0,0
279,7,28,1,1,5,6,2,4,0,0,0,0,0,0,0,0,0
280,7,23,1,1,6,6,2,5,0,0,0,1,1,0,0,0,1
281,5,35,2,1,6,5,4,4,0,0,0,0,0,0,0,0,1
282,5,16,2,6,6,1,3,3,0,1,0,0,0,1,0,0,1
283,1,31,1,1,4,4,4,5,0,0,0,0,0,0,0,0,0
284,1,16,1,2,5,6,2,4,0,1,0,0,0,0,0,0,0
285,1,44,2,1,6,6,5,4,0,0,1,1,0,0,0,0,0
286,1,20,2,4,4,5,3,4,0,1,0,0,0,0,0,0,1
287,1,16,1,4,6,5,4,4,0,0,0,0,0,0,0,0,0
288,1,44,2,1,4,3,3,3,0,0,0,0,0,0,0,0,1
289,1,40,1,1,5,6,4,5,0,1,0,0,0,0,0,0,0
290,1,19,2,1,6,4,6,6,0,0,0,0,0,0,0,1,0
291,1,37,2,2,3,5,5,2,1,1,1,0,0,1,1,0,0
292,1,19,1,4,3,3,4,3,0,0,1,0,0,1,1,0,0
293,1,43,2,1,1,1,6,1,1,1,0,0,0,0,0,0,0
294,5,30,2,4,4,5,4,2,1,0,0,0,0,0,0,0,1
295,5,21,2,2,6,4,4,2,1,0,0,0,0,0,0,0,0
296,5,21,2,6,6,2,5,2,0,0,0,1,0,1,0,0,1
297,5,40,2,5,5,1,1,3,1,0,0,0,0,1,0,0,0
298,4,26,2,5,5,2,5,2,1,1,0,0,0,1,1,1,0
299,4,16,2,1,5,2,1,2,1,0,0,0,0,0,0,0,0
300,5,40,1,5,2,1,6,1,1,0,0,0,0,1,0,1,0
301,4,19,1,4,5,3,4,2,0,0,0,0,0,0,0,0,1
302,5,22,2,1,6,3,1,3,0,0,0,0,0,0,0,0,0
303,5,40,1,3,4,4,4,3,1,0,0,0,0,0,0,0,0
304,5,29,2,6,6,1,1,1,1,1,0,0,0,1,1,1,0
305,2,19,1,1,1,6,6,1,0,0,0,0,0,1,0,0,0
306,2,18,1,4,4,5,5,1,1,1,0,0,0,0,0,0,0
307,2,21,1,4,6,1,6,2,0,1,0,0,0,1,0,0,0
308,2,22,1,1,6,1,6,1,1,1,0,0,0,0,1,0,1
309,2,32,2,2,2,2,5,3,1,0,0,0,0,1,0,0,0
310,4,35,2,5,5,2,5,2,1,0,1,0,0,0,0,1,0
311,4,17,1,1,1,1,6,1,1,0,1,0,0,0,0,0,0
312,6,35,1,5,2,2,5,2,0,0,0,0,1,0,0,0,1
313,6,25,1,2,2,5,6,2,1,1,0,0,0,1,0,0,0
314,6,20,2,5,5,5,6,2,0,0,0,1,1,0,0,0,0
315,6,30,2,2,3,2,5,2,1,0,0,1,0,0,1,0,0
316,6,27,1,3,4,4,4,3,0,0,0,1,0,1,0,0,0
317,5,24,1,3,3,1,5,2,1,0,0,0,1,1,0,1,0
318,5,35,1,1,1,1,5,2,0,1,0,0,0,0,0,0,0
319,5,27,1,2,5,2,4,2,0,0,0,0,1,0,1,1,0
320,5,34,1,2,2,3,4,2,0,1,1,0,0,1,0,0,1
321,5,23,1,1,6,1,6,1,0,0,0,0,1,0,1,0,0
322,5,25,2,5,2,4,5,3,0,1,0,0,0,0,0,0,1
323,5,19,1,6,2,1,6,1,1,1,0,0,0,1,0,0,0
324,5,29,1,2,3,4,6,1,0,0,1,0,1,0,0,0,0
325,5,18,1,3,4,3,3,3,0,0,0,0,0,0,0,0,0
326,5,30,1,4,4,3,4,2,0,0,1,0,0,1,1,1,0
327,5,26,2,3,5,2,1,2,0,0,0,0,0,0,0,1,0
328,5,36,2,6,1,1,1,2,0,0,1,0,0,1,1,0,1
329,6,31,1,6,5,5,6,1,0,0,1,1,0,1,0,0,1
330,6,20,2,1,5,3,5,3,0,0,0,0,0,1,0,0,0
331,6,18,2,3,1,1,6,2,0,0,0,0,0,0,1,0,0
332,6,25,2,3,6,1,6,2,0,1,0,0,0,0,0,0,0
333,2,42,2,2,2,2,2,2,0,0,0,0,0,0,1,0,0
334,2,22,1,3,4,3,4,3,1,0,0,0,0,0,0,1,0
335,2,18,1,4,3,5,4,3,1,0,1,0,0,1,0,0,0
336,2,18,2,6,4,1,6,3,1,1,0,0,0,1,0,1,0
337,2,25,2,4,3,3,4,2,0,1,0,0,0,0,1,0,1
338,2,36,2,4,4,4,4,3,0,0,1,0,0,0,0,0,1
339,2,22,2,3,2,3,5,3,0,0,0,0,0,1,0,0,0
340,2,21,2,1,2,2,3,2,0,0,1,0,0,0,0,0,0
341,2,19,2,5,3,3,5,3,0,0,1,0,0,0,0,1,0
342,2,18,1,1,1,1,6,1,0,1,0,0,0,0,0,0,0
343,2,19,2,4,3,5,5,3,0,0,0,0,0,0,0,0,0
344,2,34,1,1,6,2,6,3,0,0,0,0,0,0,1,0,1
345,2,42,1,4,5,1,5,1,0,0,0,0,0,0,0,0,0
346,3,35,1,2,2,5,5,2,1,0,1,0,0,0,0,0,1
347,3,27,2,1,4,3,4,1,0,0,0,0,0,1,0,0,0
348,3,20,1,3,4,3,4,3,0,1,0,0,0,0,1,0,1
349,3,16,2,1,1,6,6,1,0,0,1,0,1,0,1,1,0
350,3,25,1,6,6,2,6,1,0,1,0,0,0,0,0,0,0
351,3,26,1,2,4,3,4,3,0,0,1,0,0,1,0,0,0
352,1,18,2,1,6,6,6,1,0,0,1,0,0,1,1,1,0
353,1,35,2,2,5,2,5,1,0,1,1,0,0,1,0,0,0
354,1,17,1,3,5,1,4,2,0,0,1,0,1,0,1,1,0
355,1,42,2,3,4,3,4,2,0,1,0,0,0,0,0,0,0
356,1,24,1,6,2,6,5,1,1,1,0,0,0,0,0,0,0
357,7,18,1,1,1,1,6,1,0,0,0,0,0,0,0,1,0
358,7,36,1,4,5,3,5,1,1,1,0,0,0,1,0,0,0
359,7,36,1,6,1,1,6,1,0,0,0,0,0,1,0,1,0
360,7,22,1,1,1,2,6,1,0,1,1,0,0,1,1,0,1
361,7,24,1,6,3,4,5,2,0,1,1,1,0,0,0,0,0
362,4,37,2,3,3,4,4,3,0,0,1,0,0,0,0,1,1
363,4,37,2,1,1,5,5,1,1,1,1,0,0,0,0,0,0
364,4,20,1,5,3,4,5,1,1,0,0,0,0,0,0,0,0
365,4,25,1,2,5,2,3,1,0,0,0,0,0,0,0,0,0
366,4,35,1,3,4,3,5,3,1,0,0,0,0,0,0,0,0
367,4,33,2,3,4,5,4,1,0,0,0,0,0,1,0,1,0
368,4,21,1,2,2,4,5,2,0,0,1,1,1,1,1,0,1
369,4,30,1,3,3,3,5,3,1,0,0,0,0,0,0,0,0
370,4,45,2,2,6,4,4,3,0,0,0,0,1,0,0,1,0
371,4,28,1,5,5,1,5,2,0,0,1,0,0,0,0,0,0
372,4,44,2,4,2,6,5,2,0,0,0,0,0,0,0,0,0
373,4,22,2,5,6,2,5,3,1,0,0,0,0,0,0,0,1
374,4,22,1,4,2,2,4,3,1,1,0,0,0,1,1,0,0
375,4,40,1,5,3,2,1,3,0,0,0,0,0,0,0,0,0
376,4,16,1,3,4,2,2,2,0,1,0,1,0,1,0,0,0
377,4,37,2,1,5,6,6,1,0,0,0,0,0,0,0,0,0
378,4,25,1,4,3,2,4,3,0,0,0,0,0,1,0,0,0
379,4,17,2,4,3,6,4,3,1,0,0,0,0,0,0,0,0
380,4,42,2,2,4,6,4,2,0,1,0,0,0,1,1,1,0
381,4,20,1,3,4,3,5,2,0,0,0,0,0,0,0,1,1
382,4,16,1,1,1,1,6,1,0,0,0,0,0,0,0,1,0
383,4,16,2,3,4,3,2,3,0,1,0,0,0,0,0,0,0
384,4,25,1,3,3,3,3,3,0,1,0,0,0,0,1,0,0
385,4,20,1,2,4,2,5,2,0,1,0,0,0,1,0,1,0
386,4,18,1,1,1,1,1,1,0,0,1,0,1,1,1,1,0
387,4,16,2,4,3,2,2,2,0,0,0,0,0,0,0,0,0
388,5,20,2,4,5,3,3,3,1,0,0,0,0,0,0,1,0
389,5,20,2,3,1,4,2,3,1,0,0,0,0,0,0,0,0
390,5,40,2,1,1,6,6,1,1,0,0,0,0,0,0,1,0
391,5,19,2,2,2,2,1,2,0,0,0,0,0,1,0,0,0
392,5,45,2,6,6,1,6,1,0,0,0,1,0,0,0,0,0
393,5,18,1,1,6,1,1,1,0,0,1,0,0,0,0,1,0
394,5,16,2,1,3,3,5,1,0,1,0,0,0,1,0,0,1
395,5,25,2,3,4,3,4,3,0,0,0,0,0,0,0,0,0
396,3,22,1,5,2,4,4,3,0,1,1,0,0,0,0,0,0
397,4,44,2,4,6,3,5,3,0,0,0,0,0,0,0,1,0
398,4,35,2,3,5,4,4,3,1,0,0,0,0,0,0,0,0
399,4,28,1,1,6,5,5,1,1,0,1,0,0,0,0,0,0
400,4,30,2,1,5,5,4,2,0,0,0,0,1,0,0,1,0
401,4,34,2,1,3,3,4,2,1,0,0,1,0,1,1,0,0
402,4,21,2,3,2,2,3,1,0,1,1,0,0,1,0,0,0
403,4,45,2,3,2,4,4,1,0,1,1,0,0,1,0,0,0
404,4,20,2,2,6,1,5,2,0,0,0,0,1,0,0,1,0
405,4,42,2,4,2,2,4,2,1,0,1,0,0,0,1,1,0
406,4,37,2,3,5,4,5,2,0,0,0,0,0,1,1,0,0
407,4,40,2,3,4,6,6,2,1,0,0,0,1,1,1,0,0
408,4,32,1,3,3,4,4,3,1,0,0,0,0,0,0,1,0
409,2,30,2,3,3,4,4,2,1,1,0,0,0,0,1,0,0
410,2,20,2,2,2,3,6,1,0,0,0,0,0,0,0,0,0
411,2,40,2,4,6,4,4,2,0,0,0,0,1,0,0,0,1
412,2,18,2,4,5,5,4,3,1,0,0,0,0,1,0,1,0
413,2,19,2,2,3,4,3,3,1,0,1,0,0,0,0,0,0
414,2,21,1,6,6,1,1,1,1,0,1,0,0,0,1,1,0
415,2,20,1,1,5,3,5,2,0,1,1,0,0,0,0,0,0
416,2,20,2,3,3,3,1,2,0,0,0,0,0,1,1,0,1
417,2,17,2,1,2,4,6,3,0,1,0,0,0,1,0,0,0
418,7,21,1,5,5,2,5,3,0,0,1,1,0,0,1,0,1
419,2,45,2,6,4,6,4,1,1,0,0,0,0,0,0,0,0
420,5,17,1,5,4,3,6,2,0,1,0,0,0,1,0,1,1
421,5,28,2,4,3,2,2,3,0,0,1,0,0,0,0,0,0
422,5,38,2,2,5,2,4,2,0,0,1,1,0,0,0,0,1
423,5,34,2,5,6,2,6,1,0,1,0,0,0,1,1,0,1
424,5,16,1,6,6,6,6,1,1,0,0,0,0,1,0,0,0
425,5,26,2,4,3,3,4,2,0,0,0,1,0,0,0,0,0
426,5,27,1,5,6,2,4,3,0,0,1,1,0,1,0,1,0
427,5,24,1,6,6,6,6,1,0,0,0,0,0,1,1,1,0
428,5,44,2,3,4,3,4,3,1,0,0,0,0,1,0,1,0
429,5,16,2,2,3,2,2,1,0,1,1,0,0,1,0,0,0
430,5,44,2,6,4,4,4,2,0,0,0,0,0,1,0,0,0
431,5,24,2,4,3,4,5,1,0,1,1,0,0,1,0,0,0
432,5,44,2,4,4,3,4,3,1,0,0,0,0,0,1,0,0
433,5,20,2,1,1,1,6,1,0,0,1,0,0,1,1,0,0
434,5,23,1,5,4,3,4,3,0,0,1,0,0,0,1,1,0
435,5,44,2,3,3,3,4,3,1,0,1,0,0,0,1,0,0
436,5,32,2,5,1,2,5,3,1,0,0,0,0,0,0,0,1
437,5,44,2,3,2,3,5,2,1,1,0,0,0,1,0,0,0
438,5,44,2,5,4,3,2,3,0,0,1,0,0,0,0,1,0
439,5,33,2,4,3,3,4,3,0,1,0,0,0,0,0,0,0
440,5,41,2,5,5,3,2,3,1,0,1,0,0,0,0,0,1
441,5,34,2,2,5,2,5,2,0,0,0,0,0,1,0,1,0
442,5,44,2,2,3,5,5,3,1,0,1,0,0,1,0,0,0
443,5,30,1,1,6,1,6,1,1,1,0,0,0,1,0,1,0
444,7,18,2,4,4,4,5,3,0,0,0,0,0,0,0,0,1
445,7,22,1,4,2,6,5,3,0,0,0,0,0,0,0,0,0
446,5,33,2,1,3,3,4,3,0,1,0,0,0,1,0,0,0
447,5,16,1,3,3,5,5,3,0,0,0,0,1,0,0,0,0
448,5,23,1,4,2,1,4,1,1,0,0,0,0,0,0,1,0
449,1,26,2,3,4,3,4,3,0,0,0,0,0,0,0,0,0
450,1,30,2,2,2,3,4,2,0,1,0,0,0,0,0,0,0
451,1,17,1,3,3,4,5,3,0,0,0,1,0,0,0,1,0
452,1,44,2,5,6,4,4,1,1,0,0,0,0,0,0,0,0
453,1,21,2,4,4,3,3,3,1,1,0,0,0,1,1,0,0
454,1,21,1,6,6,6,6,1,0,0,0,1,1,0,0,0,0
455,1,42,1,1,4,5,2,2,1,0,1,0,0,1,0,0,0
456,1,28,2,3,3,2,4,3,0,0,0,1,0,0,0,0,0
457,1,23,2,4,4,4,4,3,1,0,1,0,0,1,1,1,0
458,1,27,1,4,3,2,4,2,1,0,1,0,0,0,0,1,0
459,5,39,2,5,4,5,4,1,1,0,0,0,0,0,0,0,0
460,4,44,1,1,2,4,3,2,1,0,1,0,0,1,0,0,0
461,4,20,1,1,4,4,5,3,0,0,0,0,0,1,0,1,0
462,4,37,2,4,2,3,5,2,0,1,0,0,0,1,0,0,0
463,4,37,2,3,3,5,4,2,0,0,1,0,0,0,0,0,1
464,4,19,2,4,4,3,3,3,1,0,1,1,0,0,0,0,0
465,4,27,2,1,5,6,5,3,1,0,0,0,0,0,0,0,0
466,4,30,2,2,2,5,2,2,0,0,0,0,0,0,0,0,0
467,4,34,2,1,3,5,5,2,1,1,0,0,1,1,0,0,1
468,4,32,2,3,4,4,4,3,0,0,1,0,0,0,0,0,0
469,4,25,1,4,6,3,4,3,0,1,1,0,0,0,0,0,0
470,4,45,2,3,3,3,3,3,1,0,1,0,0,0,0,0,0
471,3,19,1,4,3,5,2,2,0,1,0,0,0,0,1,0,0
472,3,20,2,4,5,5,5,3,0,1,0,0,1,0,1,0,1
473,3,18,2,4,5,5,6,3,0,0,0,0,1,0,0,1,0
474,3,18,1,6,6,1,6,3,0,1,0,0,0,0,1,0,0
475,3,18,1,6,4,5,6,3,0,1,0,0,0,0,1,1,0
476,3,41,2,4,2,3,4,3,0,0,1,0,0,0,0,1,1
477,3,19,1,6,1,1,6,3,0,0,0,0,0,0,0,0,0
478,4,39,1,5,6,3,5,3,0,1,0,0,0,1,0,0,1
479,2,40,2,1,1,1,4,1,0,1,0,1,0,0,1,0,0
480,2,19,2,3,1,1,6,2,0,0,0,0,0,0,0,1,0
481,2,21,2,5,3,3,4,3,0,0,0,0,1,0,0,0,0
482,2,22,1,5,5,2,2,2,0,0,1,0,0,1,0,1,0
483,2,35,1,4,4,5,4,1,1,1,0,0,0,1,0,0,0
484,2,28,2,3,2,2,2,3,0,0,0,1,0,0,0,0,0
485,2,29,1,4,4,4,4,3,1,0,0,1,0,0,0,0,0
486,2,18,1,4,3,4,3,3,1,0,0,0,0,1,0,1,0
487,2,45,2,6,5,2,5,2,0,1,1,0,0,0,0,0,1
488,2,20,2,3,5,4,5,2,1,0,1,0,0,0,1,1,0
489,3,16,1,4,4,4,4,3,0,0,1,0,0,1,0,0,0
490,3,28,2,5,5,3,2,3,0,0,1,0,0,0,0,1,0
491,3,42,1,5,2,3,5,3,1,1,0,0,1,0,0,0,1
492,3,21,1,2,2,3,4,3,1,0,0,0,0,0,0,0,1
493,3,22,1,1,6,2,5,3,1,0,1,0,0,0,0,0,1
494,4,25,1,3,3,2,3,2,1,0,0,0,0,1,0,0,0
495,5,36,2,6,1,1,5,1,0,0,0,1,0,1,0,0,0
496,5,35,2,1,3,4,5,1,0,0,0,0,0,0,0,1,0
497,5,32,2,4,3,4,4,3,1,1,0,1,0,0,0,0,0
498,5,33,1,3,4,5,4,3,1,0,0,1,1,0,0,0,0
499,4,30,2,3,2,4,5,2,1,1,1,0,0,0,0,0,0
500,7,16,1,6,5,1,5,2,1,0,0,0,0,0,0,0,1
501,7,18,1,5,2,3,4,3,0,0,0,0,0,0,1,0,0
502,7,18,1,5,3,5,4,3,0,0,0,0,1,0,0,0,0
503,7,17,1,1,3,4,3,3,0,0,1,0,0,0,0,0,0
504,7,17,1,3,4,4,4,3,1,0,0,0,0,1,0,0,0
505,7,20,2,5,5,1,6,1,0,0,0,0,0,0,0,0,0
506,7,35,2,5,4,2,3,2,1,0,0,0,0,0,0,1,0
507,7,32,2,2,2,3,5,2,0,1,0,0,0,0,0,0,0
508,7,23,1,1,6,6,6,2,1,0,1,0,0,0,0,0,0
509,7,16,1,6,2,3,1,3,0,0,0,0,0,1,1,0,0
510,6,26,1,4,4,2,4,3,0,1,1,0,0,0,0,1,1
511,6,19,2,2,6,1,5,2,0,1,0,0,0,0,0,0,0
512,6,45,2,6,4,3,5,1,0,1,1,0,0,0,0,0,0
513,6,45,1,1,5,2,5,2,0,1,0,0,0,0,0,0,0
514,6,45,2,4,6,4,4,3,1,0,1,0,0,0,0,0,0
515,6,45,2,4,4,4,5,2,1,0,0,0,1,0,0,0,1
516,6,25,1,6,6,1,6,1,1,0,0,0,0,0,0,0,0
517,6,32,1,4,3,4,2,3,1,0,0,0,0,0,0,0,0
518,6,38,2,5,3,2,5,2,0,1,0,0,0,0,0,0,1
519,6,23,2,4,3,3,4,3,0,0,0,0,0,0,0,0,0
520,6,18,2,6,1,6,6,1,1,0,0,0,0,1,0,0,1
521,6,17,2,4,3,4,4,3,1,0,0,0,0,0,0,0,0
522,6,20,2,5,1,4,5,2,1,1,0,0,0,0,0,0,0
523,6,30,2,6,1,5,6,1,0,0,0,1,0,0,0,0,1
524,2,45,1,3,6,1,5,3,0,0,1,0,0,0,0,0,1
525,2,45,2,2,4,4,6,2,0,0,1,0,0,1,0,0,0
526,2,32,1,3,4,3,4,2,1,0,1,0,0,1,0,0,0
527,2,22,1,6,6,6,6,3,0,0,0,0,0,1,0,0,0
528,2,32,1,1,1,1,5,1,0,0,0,0,0,0,0,0,0
529,2,26,1,4,1,3,2,3,0,0,0,0,0,0,0,0,1
530,2,37,2,5,5,5,4,3,0,1,0,0,0,0,0,0,1
531,2,20,1,1,3,5,1,1,0,0,0,0,0,0,0,1,0
532,2,31,1,4,4,3,4,3,1,1,0,0,1,0,0,1,0
533,2,30,1,1,3,5,5,3,1,0,0,0,0,0,0,1,1
534,7,36,1,4,2,6,2,2,0,1,1,0,0,1,1,0,0
535,4,35,2,3,3,3,6,3,0,0,0,0,0,1,0,0,1
536,4,45,1,4,4,3,3,3,0,0,0,1,0,1,0,0,0
537,4,24,2,2,6,5,6,2,0,0,0,0,0,0,0,0,1
538,4,17,1,4,3,5,4,3,1,1,0,1,0,1,1,0,0
539,4,25,2,2,3,6,5,2,0,0,0,1,1,0,1,0,0
540,4,16,1,5,2,2,5,2,1,0,1,0,0,1,0,0,0
541,4,21,1,4,3,4,4,2,0,1,0,0,0,1,0,0,0
542,4,45,1,5,1,2,5,3,0,0,0,1,0,0,1,0,0
543,4,44,2,6,1,1,1,1,0,0,0,0,0,0,0,0,0
544,4,17,1,4,3,2,5,2,0,0,0,0,0,1,0,0,0
545,1,20,1,1,2,6,4,2,0,0,0,1,1,0,0,0,0
546,1,28,2,4,3,3,3,3,0,0,0,0,0,1,0,0,0
547,1,20,1,3,3,3,4,2,0,0,0,1,0,0,0,0,0
548,1,20,2,4,4,2,4,3,0,0,1,0,0,0,0,0,0
549,1,22,2,5,6,5,4,3,1,0,1,1,0,0,0,0,0
550,1,23,1,1,2,4,4,2,0,0,0,1,1,0,0,1,1
551,1,29,2,4,2,4,1,3,1,0,1,0,0,1,0,1,0
552,1,19,2,5,2,2,5,2,1,1,1,0,0,0,0,0,1
553,1,35,2,4,4,3,3,3,0,0,0,0,0,0,0,0,0
554,1,25,2,1,4,4,4,3,0,0,0,0,0,0,0,1,0
555,1,25,1,4,4,3,4,3,0,0,0,0,0,0,0,0,0
556,1,27,2,5,2,5,5,2,0,0,0,1,0,0,0,0,0
557,1,18,1,2,5,1,5,3,0,1,0,0,0,0,0,0,0
558,1,25,1,4,6,5,3,3,0,0,1,0,0,1,1,0,0
559,6,17,2,1,5,4,5,3,0,0,0,0,0,1,0,0,1
560,6,26,2,3,3,4,3,3,1,0,0,0,0,0,0,0,0
561,6,30,2,4,3,6,4,3,1,0,0,0,1,1,0,0,0
562,6,30,1,1,2,2,6,2,1,0,0,0,0,1,0,1,0
563,6,22,1,1,1,3,4,3,0,0,0,1,1,1,0,0,0
564,7,44,1,3,3,4,4,3,0,0,1,0,0,0,0,1,0
565,7,18,1,5,3,5,4,3,0,0,0,0,1,0,0,1,1
566,7,22,2,2,4,4,6,3,1,0,1,0,0,1,0,0,1
567,7,18,1,4,5,5,5,3,0,0,0,0,0,1,0,1,0
568,7,17,2,1,6,3,6,1,0,0,0,0,0,0,0,0,0
569,7,31,1,4,5,3,4,3,0,0,0,0,0,0,0,0,0
570,5,35,1,4,3,4,5,2,1,0,0,0,0,0,0,1,0
571,7,32,2,3,5,4,4,2,0,0,0,0,1,1,0,0,0
572,7,38,2,1,1,3,5,3,1,0,0,0,0,1,0,0,0
573,7,38,2,1,3,3,3,3,0,0,0,0,0,0,0,0,0
574,7,32,1,2,4,4,5,3,0,0,0,1,0,0,0,0,0
575,7,36,2,4,3,4,4,3,0,0,0,0,0,0,0,0,0
576,7,19,1,3,3,5,5,2,0,1,0,0,0,1,0,0,0
577,7,26,2,6,2,2,5,3,0,0,0,0,0,0,1,0,1
578,7,40,2,1,3,5,5,3,0,0,1,0,0,1,0,0,0
579,7,36,2,3,4,4,4,3,0,0,1,0,0,0,0,0,1
580,7,40,2,1,5,3,4,3,1,0,1,0,0,1,1,1,0
581,7,30,2,1,5,5,5,2,0,0,0,0,0,1,0,1,0
582,7,24,1,2,6,2,5,2,0,0,0,1,0,1,0,0,0
583,7,25,2,3,2,4,4,3,0,0,0,1,1,0,0,0,0
584,7,24,1,4,3,3,3,3,1,0,1,0,0,0,0,0,0
585,7,28,2,5,2,2,2,2,0,0,0,1,1,0,0,0,0
586,7,25,1,4,2,4,4,2,1,0,0,0,0,1,0,0,1
587,7,19,1,4,5,3,5,2,0,0,0,1,1,0,0,0,1
588,7,25,2,4,2,1,5,2,0,0,0,1,1,0,0,0,1
589,7,30,2,4,6,2,4,2,1,0,0,0,0,0,0,0,0
590,7,32,2,2,6,6,5,2,0,0,0,0,0,1,0,0,0
591,7,30,2,4,4,4,4,3,0,1,0,0,0,1,0,0,0
592,7,25,1,4,5,3,3,3,0,0,1,1,1,0,0,1,1
593,7,40,2,5,4,3,2,2,0,0,1,0,0,0,1,0,0
594,7,32,1,3,3,5,4,3,0,0,0,0,0,0,0,0,0
595,7,30,2,4,2,3,4,3,1,1,0,0,0,1,0,0,0
596,7,45,2,2,2,5,4,1,1,1,0,0,0,1,0,0,0
597,5,26,2,1,1,1,6,1,1,0,0,0,0,1,0,1,0
598,5,45,2,4,1,1,5,3,0,0,0,0,0,0,0,1,0
599,5,19,2,6,5,5,6,3,0,0,0,0,0,0,1,0,0
600,5,35,1,4,4,3,3,3,0,0,0,0,0,0,0,0,0
601,7,25,1,6,1,6,6,1,1,1,1,0,0,1,1,1,1
602,7,30,1,3,3,4,5,3,1,0,0,0,0,1,1,0,0
603,7,32,1,3,3,2,4,2,0,0,0,0,0,1,0,0,0
604,7,28,1,1,3,3,6,2,0,0,0,0,0,0,0,0,0
605,7,30,1,1,6,1,1,1,0,1,0,0,0,1,0,0,0
606,7,45,2,5,5,1,6,1,0,0,0,0,0,1,0,0,0
607,7,32,2,2,4,4,4,3,0,0,0,0,0,1,0,0,0
608,7,45,1,3,3,4,5,3,0,0,0,0,0,1,0,0,0
609,7,32,1,6,5,4,6,3,0,1,0,0,0,0,0,1,0
610,7,20,1,5,6,2,4,2,0,0,0,0,0,0,0,0,1
611,7,27,2,2,5,6,5,3,1,0,1,0,0,0,0,1,0
612,7,16,2,1,3,3,6,2,1,0,0,0,0,0,0,0,0
613,7,45,1,3,4,4,4,3,0,1,1,0,0,0,0,0,0
614,1,27,2,2,4,3,4,3,0,0,1,0,0,0,0,0,0
615,1,32,1,1,3,3,6,2,0,0,0,0,0,0,0,0,0
616,1,19,2,1,4,4,4,3,0,0,1,0,0,0,0,1,0
617,1,44,1,2,1,4,6,2,0,0,1,0,0,1,0,0,0
618,1,23,1,4,3,4,4,3,0,0,0,0,0,0,1,0,0
619,1,17,2,1,1,2,3,1,0,0,1,0,0,0,1,0,0
620,1,21,2,1,3,4,4,2,0,1,0,0,0,0,0,0,0
621,1,24,2,1,5,3,5,2,0,0,0,0,0,1,0,0,1
622,1,45,2,1,4,4,6,1,1,0,0,0,0,1,0,0,0
623,1,25,1,1,3,4,3,3,1,1,1,0,0,1,0,0,1
624,1,25,1,5,2,6,6,1,1,0,0,0,1,0,0,1,0
625,1,27,1,1,4,3,4,1,0,1,0,0,0,1,0,1,0
626,7,20,2,6,3,5,4,3,1,0,0,0,0,0,1,0,0
627,7,22,2,1,6,6,5,1,1,0,1,0,0,1,0,0,0
628,7,33,1,2,6,5,6,1,0,0,1,0,0,0,1,1,0
629,7,23,2,5,1,1,1,3,0,0,0,0,0,0,1,0,0
630,7,32,1,1,3,3,5,3,1,0,0,0,0,1,0,0,1
631,7,28,1,5,3,3,6,1,0,0,1,0,0,1,0,0,1
632,7,30,2,6,6,1,5,1,0,1,0,0,0,0,0,0,0
633,7,42,2,3,4,5,5,1,1,0,0,0,1,0,0,1,0
634,7,32,2,5,3,3,4,1,0,1,0,0,0,1,0,0,1
635,7,43,2,3,5,2,3,3,0,0,1,1,1,1,0,0,0
636,7,30,2,1,6,6,6,1,0,1,0,0,0,0,0,0,0
637,7,20,1,1,5,5,5,3,0,0,0,0,0,0,0,0,0
638,7,44,2,4,2,2,2,1,0,0,0,0,0,0,0,0,1
639,6,37,1,2,4,2,4,1,1,0,0,0,0,0,1,0,1
640,6,36,1,4,3,3,4,2,0,1,0,0,0,0,0,0,0
641,6,28,1,3,3,4,5,3,1,0,1,0,0,0,0,1,1
642,6,29,1,2,3,3,4,2,1,0,1,0,1,1,0,0,1
643,6,35,2,1,4,2,5,3,0,0,0,0,0,0,1,0,0
644,6,29,2,1,3,2,6,1,1,0,0,0,0,1,0,0,1
645,6,39,1,5,5,4,4,2,0,1,0,0,0,1,0,1,0
646,6,17,1,3,4,5,4,2,0,0,1,0,0,0,0,0,1
647,6,29,1,3,6,5,4,3,0,0,1,0,0,1,0,0,0
648,6,31,2,4,4,5,5,3,1,0,0,0,0,0,0,0,1
649,2,29,1,2,2,2,6,1,0,1,1,0,0,1,0,0,0
650,2,23,2,3,4,3,6,2,0,0,0,0,0,0,0,0,1
651,2,40,2,4,5,3,5,3,1,0,0,0,0,0,1,0,0
652,2,23,2,3,5,4,5,3,0,1,1,0,0,1,0,0,1
653,2,30,2,1,5,3,2,1,0,1,0,0,0,1,0,0,0
654,2,29,2,4,5,5,6,2,0,0,0,0,1,1,1,0,0
655,2,21,2,5,4,3,5,3,0,1,1,0,0,1,0,0,0
656,2,28,2,3,3,5,4,3,0,0,0,0,0,1,0,0,0
657,4,21,1,3,3,3,5,2,0,0,0,0,0,0,0,0,1
658,4,21,1,1,6,6,4,3,1,0,0,0,0,1,0,1,0
659,4,39,2,2,2,2,5,2,0,0,0,0,0,0,0,0,0
660,4,17,2,4,6,5,4,2,1,0,0,0,0,0,0,1,0
661,2,26,1,1,1,3,5,1,1,0,1,0,0,0,0,0,1
662,2,20,1,3,2,3,5,3,0,0,0,0,0,0,1,0,0
663,2,23,2,1,5,3,4,2,0,1,0,0,0,0,0,0,0
664,2,22,2,3,4,3,2,3,1,0,1,1,0,1,0,0,0
665,2,43,1,4,3,5,4,2,0,0,0,0,0,0,0,1,0
666,2,23,2,2,5,2,4,2,0,1,0,0,0,0,0,0,1
667,2,17,2,2,4,5,4,2,0,0,1,0,0,0,0,1,0
668,2,19,1,1,6,2,1,2,1,0,1,0,0,1,1,0,0
669,2,45,1,5,4,2,5,2,0,0,0,0,0,0,0,0,1
670,2,19,2,5,5,4,6,1,0,0,1,0,0,1,0,0,0
671,4,39,2,2,3,3,2,3,0,0,0,0,0,1,0,0,1
672,2,18,2,1,5,5,6,3,1,0,0,0,0,1,0,0,0
673,2,42,2,6,1,1,5,2,0,1,0,0,0,0,0,0,1
674,2,20,1,4,2,3,4,2,0,1,0,0,1,1,0,1,0
675,2,36,2,4,6,6,5,3,0,0,0,0,0,0,0,0,0
676,2,17,2,2,4,3,5,2,0,1,1,0,0,1,0,0,0
677,2,19,1,2,3,2,2,3,0,0,0,0,0,0,0,0,0
678,2,35,2,1,6,6,6,1,0,1,0,0,0,0,0,0,0
679,2,35,2,2,3,3,6,2,0,1,0,0,0,1,0,0,0
680,2,17,2,3,3,4,3,3,0,0,0,0,0,0,0,1,0
681,3,22,1,2,3,4,2,3,0,0,1,0,0,1,0,0,0
682,3,23,2,2,4,4,2,2,1,1,1,0,0,0,0,0,0
683,3,22,2,1,5,5,1,1,1,1,1,0,0,0,0,1,1
684,3,18,1,3,5,3,2,3,1,1,0,0,0,0,0,1,0
685,3,27,2,1,6,6,2,2,1,1,0,0,0,0,1,0,0
686,3,28,1,1,6,6,6,2,0,1,0,0,0,1,0,0,1
687,3,22,1,1,5,4,1,3,1,1,1,0,0,0,1,0,0
688,3,23,1,3,6,4,1,1,0,1,0,0,0,0,0,0,1
689,3,31,2,2,6,5,2,5,0,1,1,0,0,0,0,0,0
690,3,25,1,1,6,6,1,1,1,1,0,0,0,0,0,0,1
691,3,37,2,2,2,5,1,2,0,1,1,0,0,0,0,1,1
692,3,45,1,2,4,5,6,2,1,1,0,0,0,1,0,0,1
693,3,32,2,2,6,6,2,6,1,1,1,0,0,0,0,0,0
694,3,16,1,2,5,2,2,4,1,1,1,0,0,0,0,1,1
695,3,24,1,1,4,1,1,1,1,1,0,0,0,0,0,0,1
696,3,26,1,1,6,6,2,4,1,1,0,0,0,0,1,0,1
697,3,19,1,4,4,4,3,3,1,1,1,0,0,0,0,1,1
698,3,18,2,2,6,2,2,5,1,1,0,0,0,0,0,1,0
699,6,23,1,1,5,5,5,3,1,1,1,0,0,1,0,1,1
700,6,45,2,1,6,4,1,2,0,1,0,0,0,1,0,1,1
701,6,27,1,2,5,5,2,2,0,1,0,0,0,1,0,1,0
702,6,42,2,1,4,4,2,2,0,1,0,0,0,0,0,0,1
703,6,39,2,2,4,6,2,5,1,1,0,0,0,0,1,1,0
704,3,19,1,3,4,5,2,4,1,1,0,0,0,0,1,1,0
705,3,38,1,2,3,5,3,3,1,0,0,0,0,0,0,1,1
706,3,20,1,1,5,4,2,1,0,1,1,0,0,0,1,0,1
707,3,25,1,1,5,5,5,3,0,1,0,0,0,0,0,1,0
708,3,23,1,1,6,3,2,3,0,1,0,0,0,0,0,0,0
709,7,38,2,1,6,2,1,5,1,1,1,0,0,0,0,0,0
710,7,17,1,2,4,5,5,4,1,1,1,0,0,1,0,1,1
711,4,38,2,1,6,5,4,1,0,1,1,0,0,0,0,0,1
712,4,18,2,1,5,5,2,4,1,1,1,0,0,0,1,0,1
713,4,45,1,1,5,6,2,6,1,0,1,1,1,0,1,1,0
714,4,38,1,5,5,6,5,2,1,1,0,0,0,0,0,1,0
715,4,20,1,3,6,1,1,1,1,0,1,0,0,0,1,0,1
716,2,18,2,2,5,5,2,2,1,1,1,0,0,0,0,0,0
717,2,35,2,2,5,4,3,3,1,1,0,0,0,0,1,1,0
718,2,18,1,1,5,1,3,3,1,0,1,0,0,0,0,1,0
719,2,24,1,1,5,4,1,1,1,1,0,0,0,0,0,0,1
720,2,36,1,2,4,4,5,2,0,1,1,0,0,0,1,1,0
721,7,45,2,1,5,4,4,6,0,1,0,0,0,0,0,1,1
722,4,42,2,2,5,5,2,2,0,1,0,0,0,0,0,1,0
723,4,38,2,1,5,5,2,2,1,1,0,0,0,0,0,1,1
724,4,20,1,3,5,5,3,3,1,0,1,0,0,0,0,0,0
725,4,16,1,1,6,5,2,6,1,1,0,0,0,0,0,0,1
726,4,18,2,1,4,5,1,1,0,1,1,0,0,1,1,0,0
727,7,19,2,1,6,6,1,1,0,1,0,0,0,1,0,1,1
728,1,20,1,2,6,5,2,6,0,1,0,0,0,0,1,1,1
729,1,33,1,1,1,5,1,5,0,1,0,0,0,0,0,1,0
730,1,27,1,2,4,4,2,2,1,1,0,0,0,0,1,0,0
731,1,16,2,1,6,6,1,4,1,1,1,0,0,0,1,1,1
732,1,24,2,1,5,5,2,5,1,1,0,0,0,0,0,0,1
733,1,30,2,4,4,4,3,3,0,1,0,0,0,0,0,1,0
734,1,41,2,3,4,4,2,3,0,1,0,0,0,0,0,1,0
735,1,25,2,1,6,6,1,3,0,1,0,0,0,0,0,0,1
736,1,25,2,5,5,6,1,2,1,1,0,0,0,0,0,0,0
737,1,44,2,2,4,1,3,5,1,1,0,0,0,0,0,0,1
738,7,45,1,1,4,6,4,3,1,1,0,0,0,0,0,0,1
739,1,30,1,3,4,4,1,2,1,1,0,0,0,0,0,0,1
740,1,20,1,1,6,1,2,5,0,1,1,0,0,0,0,1,0
741,1,18,1,2,6,5,2,3,1,1,0,0,0,0,0,1,0
742,1,33,2,2,4,6,2,4,1,0,0,0,0,0,0,0,1
743,1,44,2,2,4,4,1,1,1,0,0,0,0,0,1,1,0
744,7,31,1,1,5,5,2,5,1,1,0,0,0,0,0,1,1
745,7,26,2,2,5,3,2,3,1,1,0,0,0,0,0,1,1
746,1,32,2,1,4,4,1,2,0,1,1,0,0,0,1,0,0
747,1,29,1,4,6,6,4,2,1,1,1,0,0,0,0,1,1
748,1,37,1,2,3,4,3,6,1,1,1,0,0,0,1,0,0
749,1,17,1,1,5,6,3,3,0,1,1,0,0,0,0,0,1
750,7,43,2,1,6,6,3,4,1,1,0,0,0,1,0,0,0
751,2,42,2,2,6,2,1,1,0,0,0,0,0,0,0,1,1
752,2,16,1,2,4,4,3,3,1,1,1,0,0,0,0,1,1
753,2,26,1,1,5,3,2,2,1,0,1,0,0,0,0,1,1
754,2,24,1,1,6,6,1,6,1,1,1,0,0,0,0,0,1
755,5,20,2,3,4,4,2,3,0,1,0,0,0,1,0,0,0
756,5,19,2,1,4,5,2,3,1,0,0,0,0,0,0,0,1
757,5,28,2,2,4,5,3,3,1,1,1,0,0,1,0,1,1
758,5,16,1,1,5,2,5,4,1,1,1,0,0,0,0,1,0
759,5,32,2,2,6,5,5,5,0,1,0,0,0,0,1,1,0
760,5,24,2,3,5,5,2,3,1,1,1,0,0,0,1,0,0
761,6,35,1,1,4,4,3,4,0,1,0,0,0,0,0,0,1
762,6,23,1,3,5,4,2,2,1,1,0,0,0,1,0,0,0
763,6,32,1,1,4,4,2,1,1,1,1,0,0,0,1,0,1
764,6,36,1,1,5,4,2,4,0,1,0,0,0,0,0,1,1
765,7,32,1,1,6,5,1,1,0,1,0,0,0,0,0,0,0
766,5,30,2,1,5,4,1,3,0,1,0,0,0,0,0,0,1
767,5,29,2,2,4,4,1,2,1,1,0,0,0,0,1,1,0
768,5,39,2,3,6,4,3,2,1,1,1,0,0,0,0,0,1
769,5,24,2,2,6,6,1,3,0,1,0,0,0,0,0,0,0
770,5,19,1,2,5,4,1,1,0,1,0,0,0,0,1,0,1
771,5,29,2,5,6,6,6,6,1,1,0,0,0,0,1,0,0
772,5,40,1,1,6,4,5,4,1,1,1,0,0,1,0,1,0
773,7,23,1,4,5,4,3,4,1,1,0,0,1,0,1,0,0
774,7,21,2,3,4,4,3,4,1,1,0,0,0,0,0,1,0
775,7,17,2,1,4,4,1,1,1,1,1,0,0,0,1,0,0
776,7,38,2,1,6,6,2,3,1,1,1,1,1,0,0,0,0
777,7,16,1,1,4,5,1,2,1,1,1,0,0,0,0,1,0
778,7,35,2,3,4,5,5,2,0,1,0,0,1,0,0,1,0
779,7,27,1,1,4,2,5,2,1,1,0,0,0,0,0,0,1
780,7,35,2,1,6,6,1,4,1,1,1,0,0,0,1,0,1
781,7,44,2,1,4,4,1,1,1,1,1,0,0,0,0,0,1
782,7,32,1,1,6,5,1,5,1,1,0,0,0,0,0,0,0
783,7,28,2,1,4,4,2,1,1,0,1,0,0,0,1,0,0
784,7,35,1,4,6,5,2,5,0,1,0,0,0,0,0,1,1
785,7,40,1,2,6,6,3,2,1,1,1,0,0,0,0,1,1
786,7,36,2,1,6,6,1,3,0,1,0,0,0,0,0,0,0
787,7,16,1,1,6,6,1,5,1,1,0,0,0,0,0,0,1
788,7,17,1,3,4,3,4,5,1,1,0,0,0,0,1,1,1
789,7,24,1,1,5,5,2,3,1,1,1,0,0,0,0,1,0
790,7,16,2,2,5,2,2,2,1,1,1,0,0,0,0,0,1
791,7,42,1,1,6,6,2,3,1,1,0,0,0,0,0,1,1
792,7,30,1,1,4,4,1,3,1,1,1,0,0,0,0,1,0
793,7,22,1,1,6,5,1,5,1,1,0,0,0,0,0,1,0
794,7,45,2,2,6,5,6,3,1,1,0,0,0,0,0,0,0
795,7,20,2,2,5,4,3,3,1,1,1,0,0,0,0,1,1
796,7,28,2,2,4,5,4,3,1,1,1,0,0,0,0,1,0
797,5,17,2,4,5,6,3,5,1,1,0,0,0,1,0,1,0
798,5,27,2,1,4,5,3,2,1,1,0,0,0,1,0,1,1
799,5,16,1,3,4,5,4,2,0,1,0,0,0,1,0,1,1
800,5,17,2,1,6,6,1,3,1,1,1,0,0,0,1,0,1
801,5,30,2,2,4,4,3,2,1,1,1,0,0,0,0,0,1
802,5,41,2,1,6,5,3,1,1,1,0,0,0,0,0,0,1
803,5,33,2,1,6,4,6,3,0,1,0,0,0,0,0,1,1
804,5,34,2,1,5,5,1,1,0,1,1,0,0,0,1,0,1
805,5,35,1,1,6,6,1,2,1,1,0,0,0,0,1,0,1
806,5,17,1,1,6,5,5,2,1,1,1,0,0,0,0,0,1
807,5,25,2,1,4,6,1,2,1,1,0,0,0,0,0,0,0
808,5,41,2,2,4,5,3,3,0,1,0,0,0,0,1,0,0
809,5,37,2,2,6,3,3,5,1,1,1,0,0,0,0,1,0
810,5,35,1,1,4,6,1,4,0,1,1,0,0,0,0,0,1
811,5,44,2,1,6,5,4,1,1,1,0,0,0,0,0,0,1
812,1,28,2,1,5,6,2,3,0,1,1,0,0,0,0,0,1
813,1,22,1,1,6,2,2,4,1,1,1,0,0,0,0,1,1
814,1,18,2,2,5,2,6,5,1,1,0,0,0,0,1,0,0
815,1,18,1,3,6,4,1,3,1,1,0,0,0,1,1,0,0
816,1,32,2,5,4,5,3,3,1,1,0,0,0,0,0,0,0
817,1,18,2,2,6,6,4,2,0,1,0,0,0,0,0,1,0
818,1,21,1,3,5,4,3,4,0,1,0,0,0,0,0,1,1
819,1,35,2,1,4,5,3,4,0,1,0,0,0,0,0,1,0
820,1,44,2,5,6,6,6,5,0,1,0,0,0,0,0,1,1
821,1,37,1,2,6,5,1,3,0,0,0,0,0,1,0,1,1
822,1,19,1,1,4,4,1,3,1,1,0,0,0,0,0,0,1
823,1,28,1,3,2,4,5,4,1,1,0,0,0,0,1,0,0
824,1,39,2,1,5,6,1,5,1,1,0,0,0,0,1,0,1
825,1,45,1,6,6,6,1,4,1,1,1,0,0,0,0,1,1
826,3,16,1,2,5,6,2,5,1,0,0,0,1,0,0,1,0
827,3,24,1,2,4,5,2,1,0,1,0,0,0,0,0,1,0
828,3,19,1,4,4,4,3,3,0,1,0,0,0,0,0,0,0
829,3,18,1,2,6,6,2,5,1,1,0,0,0,0,0,0,1
830,3,30,2,1,6,6,1,6,0,1,0,0,0,0,0,1,1
831,3,19,1,1,5,5,2,2,1,0,0,0,0,0,0,1,1
832,3,38,1,2,6,2,5,2,0,1,0,0,0,0,0,1,1
833,3,35,2,1,6,3,2,4,1,1,1,0,0,0,0,0,1
834,3,22,2,4,4,5,2,1,1,1,0,0,0,0,0,0,0
835,3,25,2,2,6,6,3,4,1,1,1,0,0,0,0,1,1
836,3,16,1,2,4,4,2,2,1,1,1,0,0,0,1,1,0
837,5,18,2,3,5,3,5,4,1,1,0,0,0,0,0,1,1
838,5,21,1,3,4,4,1,3,1,1,1,0,0,0,1,1,1
839,5,20,2,1,6,6,1,3,1,1,1,0,0,0,0,1,1
840,5,18,2,3,4,4,3,5,1,1,0,0,0,0,0,0,0
841,5,19,1,1,6,5,2,3,0,1,1,0,0,0,0,1,0
842,5,22,1,1,6,5,2,3,0,1,0,0,0,0,0,0,1
843,5,35,2,1,4,4,1,4,1,1,0,0,0,0,0,0,1
844,2,21,1,1,4,4,5,1,0,1,0,0,0,0,0,0,1
845,2,30,2,1,6,1,6,6,0,1,0,0,0,0,0,1,0
846,2,16,2,1,4,4,2,1,0,1,1,0,0,0,1,0,0
847,2,36,2,1,5,5,5,4,0,1,0,0,0,1,0,1,0
848,2,21,2,3,5,4,5,3,0,1,0,0,0,0,0,0,0
849,7,21,1,2,4,3,3,5,1,0,0,1,0,1,0,1,1
850,7,18,2,3,4,4,3,4,1,1,1,0,0,0,1,0,1
851,7,28,1,3,5,4,4,2,0,1,0,0,0,0,0,0,0
852,7,32,2,1,4,3,1,3,1,1,0,0,0,0,0,0,0
853,7,17,1,4,5,4,3,3,1,1,0,0,0,0,0,1,0
854,7,17,1,2,6,6,3,4,0,0,0,0,0,0,0,1,0
855,7,25,2,2,4,4,2,3,0,1,1,0,0,0,0,0,1
856,3,42,1,4,4,5,5,3,1,1,1,0,0,0,0,1,1
857,3,26,1,2,5,5,2,3,1,1,1,0,0,0,0,0,1
858,3,45,1,1,6,3,1,2,0,1,0,0,0,0,1,1,0
859,3,18,2,3,6,4,1,4,1,0,1,0,1,0,1,1,0
860,3,24,1,1,5,2,2,1,0,1,1,0,0,0,1,0,1
861,1,34,2,1,6,2,1,4,1,1,1,0,0,0,0,1,0
862,1,34,2,2,5,3,3,3,1,1,0,0,0,0,0,1,0
863,1,39,2,1,5,5,2,5,1,0,0,0,0,0,1,0,0
864,5,42,2,1,5,6,2,4,1,1,0,0,0,0,0,1,1
865,2,43,2,2,6,6,1,3,1,0,1,0,0,0,0,0,1
866,2,30,2,1,6,4,3,5,1,0,0,0,1,0,0,1,1
867,2,18,2,1,6,6,1,1,0,1,1,0,0,0,1,1,0
868,2,21,1,2,4,2,2,4,1,1,1,0,0,0,0,1,0
869,2,38,1,6,6,3,1,3,1,1,1,0,0,0,0,0,1
870,2,17,2,4,4,4,3,3,1,1,0,0,0,0,0,0,1
871,2,21,2,1,6,5,6,6,1,1,1,0,0,0,0,1,0
872,2,35,1,1,5,5,5,2,1,0,0,0,0,0,0,1,0
873,2,21,2,1,5,4,2,3,1,1,1,0,0,0,0,1,1
874,2,20,2,1,4,4,3,3,1,1,1,0,0,0,0,0,0
875,2,24,2,2,6,5,2,3,1,1,0,0,0,0,0,0,0
876,2,35,2,2,6,6,2,3,1,0,1,0,0,0,0,1,0
877,1,35,1,1,5,4,2,3,1,1,1,0,0,0,0,1,1
878,2,23,2,1,5,1,1,6,1,0,0,0,1,0,0,1,1
879,2,40,2,1,4,4,1,3,1,1,1,0,0,0,1,1,0
880,2,45,1,1,6,2,1,4,1,1,1,0,0,1,0,1,1
881,2,17,2,2,4,2,4,3,1,1,1,0,0,0,0,0,1
882,2,20,2,1,6,5,1,1,1,1,1,0,0,0,0,1,1
883,5,21,1,2,4,2,3,2,1,0,0,0,0,0,0,1,1
884,5,26,1,1,6,6,3,6,1,0,0,0,1,0,1,0,1
885,1,27,2,1,4,4,2,4,1,1,1,0,0,0,0,1,0
886,1,40,1,1,6,6,1,1,0,1,0,0,0,0,0,0,0
887,1,40,1,2,4,5,2,3,1,1,0,0,0,0,0,0,0
888,1,21,1,4,6,6,3,3,1,1,0,0,1,0,0,1,1
889,1,24,2,2,5,5,2,3,0,1,1,0,0,0,0,0,0
890,1,16,2,2,5,5,2,5,1,1,0,0,0,0,0,0,0
891,5,44,1,3,6,6,4,6,1,1,0,0,0,0,0,0,0
892,4,17,1,1,6,5,2,1,0,1,1,0,0,0,0,0,0
893,5,22,1,3,6,5,3,4,1,1,0,1,1,0,0,0,1
894,4,24,2,1,5,5,5,4,1,1,0,0,0,1,0,1,0
895,4,30,1,3,4,3,3,3,0,1,1,0,0,0,0,1,0
896,2,40,1,3,5,5,2,3,1,1,0,0,0,1,1,0,1
897,2,30,1,1,5,3,3,4,1,1,1,0,0,0,1,1,1
898,3,20,2,4,6,4,3,4,0,1,1,0,0,0,0,1,0
899,3,30,1,2,5,5,5,3,1,0,0,0,0,0,0,1,0
900,3,44,2,1,6,6,6,6,1,0,0,0,1,0,0,1,1
901,3,42,2,1,5,4,1,2,1,1,0,0,0,0,0,0,1
902,3,40,2,1,6,6,3,3,1,1,1,0,0,0,1,1,0
903,5,30,2,2,5,4,4,3,1,1,0,0,0,0,0,1,0
904,5,25,2,1,5,5,5,3,1,1,1,0,0,0,0,1,0
905,6,17,1,3,5,5,5,3,1,0,0,0,0,0,0,1,0
906,6,32,1,4,4,4,4,3,1,1,0,0,0,1,1,0,1
907,6,20,2,3,4,5,4,5,1,1,0,0,0,0,1,1,0
908,6,22,1,2,5,4,4,4,0,1,1,0,0,0,0,1,1
909,6,22,1,2,6,5,5,4,1,1,1,0,0,0,0,1,0
910,6,29,1,4,5,5,2,4,1,1,0,0,0,0,0,1,0
911,6,38,1,3,4,4,4,4,1,0,0,1,1,0,0,0,1
912,6,40,1,1,5,5,2,5,1,0,0,1,0,0,0,1,1
913,6,29,1,2,6,6,4,4,1,0,0,1,1,0,0,1,0
914,6,40,2,2,4,4,3,4,1,1,0,0,0,0,0,1,0
915,6,45,1,2,5,2,4,5,1,1,0,0,0,0,0,0,1
916,6,25,2,1,6,3,3,4,1,0,0,0,0,0,0,1,0
917,6,45,2,1,6,6,1,2,1,1,0,0,0,0,0,0,0
918,6,22,1,3,6,4,2,4,1,0,0,0,0,0,0,1,0
919,6,18,2,2,5,4,4,4,1,1,0,0,0,0,0,1,1
920,6,35,1,5,6,6,2,5,1,1,0,0,0,0,0,1,0
921,6,20,1,1,6,4,4,4,1,1,0,0,1,0,0,1,1
922,6,32,1,3,4,4,3,4,1,1,0,0,1,0,0,1,1
923,4,20,2,1,5,4,3,3,1,0,0,0,1,1,0,1,1
924,3,25,2,6,4,5,3,4,1,1,0,0,0,1,0,1,1
925,3,40,2,2,5,5,5,2,1,1,0,0,0,0,1,0,0
926,3,44,2,2,5,4,3,3,1,1,0,0,0,0,0,0,0
927,3,44,2,2,6,5,3,3,0,1,1,0,0,0,1,0,1
928,3,24,2,1,6,6,2,1,0,1,0,0,0,0,0,0,1
929,3,35,2,3,5,4,3,4,1,1,0,0,0,0,0,1,0
930,3,23,2,2,5,3,2,4,1,1,0,0,0,0,0,1,1
931,3,35,2,1,6,6,1,2,0,1,0,0,0,0,0,1,0
932,3,35,2,1,6,6,1,6,1,0,0,1,1,0,0,1,1
933,3,26,1,2,6,5,5,2,1,1,0,0,0,0,0,1,1
934,4,30,2,2,5,5,4,5,1,1,0,0,1,1,0,1,1
935,1,19,1,1,6,6,6,2,1,0,0,0,0,0,1,0,0
936,1,21,2,2,6,4,3,4,1,1,0,0,0,0,1,1,0
937,1,25,2,3,6,4,5,2,1,1,0,0,0,0,0,1,0
938,6,18,1,1,5,4,2,1,1,1,1,0,0,0,1,1,1
939,6,18,2,2,6,6,4,3,1,1,0,0,0,0,1,1,0
940,3,44,1,3,4,4,4,3,1,1,0,0,0,0,0,1,0
941,3,29,1,1,5,4,1,3,0,1,1,0,0,0,0,0,1
942,3,23,2,5,4,3,2,2,1,1,0,0,0,0,0,1,1
943,3,23,1,2,4,4,4,2,1,1,0,0,0,1,1,0,1
944,3,32,1,1,6,5,1,3,0,1,1,0,0,0,0,0,0
945,4,25,1,2,5,4,2,4,1,1,0,0,0,0,0,1,1
946,4,27,1,2,6,4,5,3,1,1,0,0,0,0,1,1,1
947,4,23,2,1,5,5,5,4,1,0,0,0,0,0,0,1,0
948,4,26,2,1,5,4,1,3,0,1,1,0,0,0,0,1,1
949,4,20,1,2,4,4,3,3,1,1,0,0,0,1,0,1,0
950,4,21,1,1,6,6,1,5,1,0,0,1,1,1,1,1,1
951,4,16,1,1,6,4,3,4,1,1,0,0,0,0,0,0,1
952,4,16,1,5,4,5,4,2,1,1,0,0,0,0,0,1,0
953,4,24,1,1,5,2,2,5,1,0,1,0,0,0,0,1,1
954,4,42,1,1,6,6,1,5,1,1,1,0,0,0,0,1,0
955,7,30,2,1,5,6,1,4,1,1,0,0,0,0,0,1,1
956,7,26,1,3,5,5,2,4,1,1,0,0,0,0,0,1,0
957,7,38,2,2,6,4,2,3,1,1,0,0,0,0,0,1,1
958,7,26,2,1,5,4,3,4,1,1,1,0,1,0,1,0,0
959,7,45,2,2,6,4,5,3,1,0,0,0,0,0,0,0,1
960,7,16,1,1,6,5,2,5,1,1,1,0,0,0,1,0,1
961,3,20,2,2,4,5,4,4,1,1,0,0,0,0,0,1,0
962,3,23,2,2,4,5,2,5,1,1,0,0,0,0,0,1,1
963,3,43,1,1,6,5,6,5,1,1,0,0,0,0,0,0,1
964,3,21,2,1,4,5,4,2,0,1,1,0,0,0,0,1,1
965,3,38,2,2,4,4,4,3,0,1,1,0,0,0,1,0,1
966,3,28,2,3,4,5,2,2,1,1,0,0,0,0,0,1,1
967,3,25,1,2,6,4,1,2,1,0,0,0,1,0,1,1,0
968,3,19,1,4,4,3,1,2,1,1,1,0,0,0,0,0,1
969,3,16,1,2,5,2,2,3,1,1,0,0,0,0,0,0,0
970,3,45,1,3,6,5,3,2,1,1,0,0,0,0,1,0,1
971,3,25,1,2,2,6,1,6,0,1,0,0,0,0,0,1,0
972,3,25,1,2,6,6,2,4,1,1,1,0,0,0,1,1,0
973,7,32,2,3,5,5,3,4,1,1,1,0,0,0,0,0,0
974,7,18,1,1,4,5,5,2,1,1,0,0,0,1,0,1,0
975,7,24,1,1,4,2,3,2,1,1,1,0,0,0,0,1,0
976,7,37,2,3,4,2,1,3,1,1,0,0,0,0,0,1,0
977,7,35,1,2,6,3,3,3,0,1,1,0,0,0,0,1,0
978,7,40,1,5,4,4,1,5,1,1,0,0,0,0,0,0,0
979,7,30,1,1,5,5,2,2,0,0,1,0,0,0,0,1,1
980,7,35,1,1,6,6,5,4,1,1,0,0,0,0,1,1,1
981,7,28,1,2,4,5,2,3,1,1,0,0,0,1,0,0,0
982,7,45,1,3,6,6,6,3,0,1,1,0,0,1,0,1,0
983,7,30,2,6,6,4,5,6,0,1,1,0,0,0,0,1,1
984,7,30,1,1,6,5,5,3,1,1,0,0,0,0,0,1,0
985,7,45,2,1,6,6,1,2,1,0,0,0,1,0,0,1,1
986,7,18,1,4,6,6,1,6,0,1,0,0,0,0,0,1,1
987,4,21,1,1,6,6,5,2,1,1,0,0,0,0,0,1,1
988,4,32,2,3,6,3,4,4,1,0,1,0,0,0,1,1,0
989,4,39,2,1,6,5,4,4,0,1,0,0,0,0,0,1,1
990,4,39,2,3,4,5,4,4,1,1,0,0,0,0,0,1,0
991,4,28,1,4,6,6,2,4,1,1,1,0,0,0,0,1,1
992,4,34,2,1,5,5,6,3,0,1,0,0,0,0,0,1,0
993,4,35,2,1,6,6,6,4,1,1,0,0,0,0,0,1,0
994,4,21,1,1,4,5,2,3,1,1,1,0,0,0,0,0,1
995,3,23,1,1,6,6,1,5,1,1,0,0,1,0,0,0,1
996,3,21,1,1,6,6,2,4,1,1,1,0,1,0,0,1,0
997,3,21,1,1,6,1,4,3,1,1,0,0,0,0,0,0,1
998,3,25,2,2,5,5,5,3,1,1,1,0,0,0,0,0,0
999,3,21,1,5,6,6,1,3,1,1,0,0,0,0,0,0,1
1000,3,21,1,1,5,5,2,5,1,0,0,0,0,0,0,1,1
