Date,Snp,Gold,Oil
2017-01-03,2257.830078,1160.400024,52.330002
2017-01-04,2270.75,1163.800049,53.259998
2017-01-05,2269,1179.699951,53.759998
2017-01-06,2276.97998,1171.900024,53.990002
2017-01-09,2268.899902,1183.5,51.959999
2017-01-10,2268.899902,1184.199951,50.82
2017-01-11,2275.320068,1195.599976,52.25
2017-01-12,2270.439941,1198.900024,53.009998
2017-01-13,2274.639893,1195.300049,52.369999
2017-01-17,2267.889893,1212,52.48
2017-01-18,2271.889893,1211.300049,51.080002
2017-01-19,2263.689941,1200.900024,51.369999
2017-01-20,2271.310059,1204.300049,52.419998
2017-01-23,2265.199951,1215,52.75
2017-01-24,2280.070068,1210.300049,53.18
2017-01-25,2298.370117,1197.300049,52.75
2017-01-26,2296.679932,1189.5,53.779999
2017-01-27,2294.689941,1188.099976,53.169998
2017-01-30,2280.899902,1193.199951,52.630001
2017-01-31,2278.870117,1208.599976,52.810001
2017-02-01,2279.550049,1205.599976,53.880001
2017-02-02,2280.850098,1216.699951,53.540001
2017-02-03,2297.419922,1218.5,53.830002
2017-02-06,2292.560059,1230,53.009998
2017-02-07,2293.080078,1234.199951,52.169998
2017-02-08,2294.669922,1237.599976,52.34
2017-02-09,2307.870117,1235.099976,53
2017-02-10,2316.100098,1234.400024,53.860001
2017-02-13,2328.25,1224.400024,52.93
2017-02-14,2337.580078,1223.900024,53.200001
2017-02-15,2349.25,1231.699951,53.110001
2017-02-16,2347.219971,1240,53.360001
2017-02-17,2351.159912,1237.599976,53.400002
2017-02-21,2365.379883,1237.5,54.060001
2017-02-22,2362.820068,1232,53.59
2017-02-23,2363.810059,1250.199951,54.450001
2017-02-24,2367.340088,1256.900024,53.990002
2017-02-27,2369.75,1257.400024,54.049999
2017-02-28,2363.639893,1252.599976,54.009998
2017-03-01,2395.959961,1248.900024,53.830002
2017-03-02,2381.919922,1231.900024,52.610001
2017-03-03,2383.120117,1225.5,53.330002
2017-03-06,2375.310059,1224.5,53.200001
2017-03-07,2368.389893,1215.099976,53.139999
2017-03-08,2362.97998,1208.5,50.279999
2017-03-09,2364.870117,1202.400024,49.279999
2017-03-10,2372.600098,1200.699951,48.490002
2017-03-13,2373.469971,1202.400024,48.400002
2017-03-14,2365.449951,1201.900024,47.720001
2017-03-15,2385.26001,1200.099976,48.860001
2017-03-16,2381.379883,1226.5,48.75
2017-03-17,2378.25,1229.800049,48.779999
2017-03-20,2373.469971,1233.599976,48.220001
2017-03-21,2344.02002,1246.099976,47.34
2017-03-22,2348.449951,1249.300049,48.040001
2017-03-23,2345.959961,1246.900024,47.700001
2017-03-24,2343.97998,1248.199951,47.970001
2017-03-27,2341.590088,1255.400024,47.73
2017-03-28,2358.570068,1255.300049,48.369999
2017-03-29,2361.129883,1253.400024,49.509998
2017-03-30,2368.060059,1245,50.349998
2017-03-31,2362.719971,1247.300049,50.599998
2017-04-03,2358.840088,1250.800049,50.240002
2017-04-04,2360.159912,1255,51.029999
2017-04-05,2352.949951,1245.400024,51.150002
2017-04-06,2357.48999,1250.300049,51.700001
2017-04-07,2355.540039,1254.300049,52.240002
2017-04-10,2357.159912,1251.099976,53.080002
2017-04-11,2353.780029,1271.199951,53.400002
2017-04-12,2344.929932,1275.300049,53.110001
2017-04-13,2328.949951,1285.900024,53.18
2017-04-17,2349.01001,1289.400024,52.650002
2017-04-18,2342.189941,1291.699951,52.41
2017-04-19,2338.169922,1281.400024,50.439999
2017-04-20,2355.840088,1281.900024,50.27
2017-04-21,2348.689941,1287.400024,49.619999
2017-04-24,2374.149902,1275.800049,49.23
2017-04-25,2388.610107,1265.599976,49.560001
2017-04-26,2387.449951,1262.099976,49.619999
2017-04-27,2388.77002,1263.699951,48.970001
2017-04-28,2384.199951,1266.099976,49.330002
2017-05-01,2388.330078,1253.300049,48.84
2017-05-02,2391.169922,1255.099976,47.66
2017-05-03,2388.129883,1246.400024,47.82
2017-05-04,2389.52002,1226.5,45.52
2017-05-05,2399.290039,1224.800049,46.220001
2017-05-08,2399.379883,1225.300049,46.43
2017-05-09,2396.919922,1214.300049,45.880001
2017-05-10,2399.629883,1217.300049,47.330002
2017-05-11,2394.439941,1222.699951,47.830002
2017-05-12,2390.899902,1226.199951,47.84
2017-05-15,2402.320068,1228.599976,48.849998
2017-05-16,2400.669922,1235,48.66
2017-05-17,2357.030029,1257.5,49.07
2017-05-18,2365.719971,1251.699951,49.349998
2017-05-19,2381.72998,1252.699951,50.330002
2017-05-22,2394.02002,1260.699951,50.73
2017-05-23,2398.419922,1254.800049,51.470001
2017-05-24,2404.389893,1252.400024,51.360001
2017-05-25,2415.070068,1255.800049,48.900002
2017-05-26,2415.820068,1267.599976,49.799999
2017-05-30,2412.909912,1262.099976,49.66
2017-05-31,2411.800049,1272,48.32
2017-06-01,2430.060059,1267,48.360001
2017-06-02,2439.070068,1276.800049,47.66
2017-06-05,2436.100098,1279.300049,47.400002
2017-06-06,2429.330078,1294.400024,48.189999
2017-06-07,2433.139893,1290.099976,45.720001
2017-06-08,2433.790039,1276.300049,45.639999
2017-06-09,2431.77002,1268.5,45.830002
2017-06-12,2429.389893,1266.099976,46.080002
2017-06-13,2440.350098,1265.800049,46.459999
2017-06-14,2437.919922,1272.800049,44.73
2017-06-15,2432.459961,1252.199951,44.459999
2017-06-16,2433.149902,1254,44.740002
2017-06-19,2453.459961,1244.199951,44.200001
2017-06-20,2437.030029,1241,43.23
2017-06-21,2435.610107,1243.400024,42.529999
2017-06-22,2434.5,1247.599976,42.740002
2017-06-23,2438.300049,1256.199951,43.009998
2017-06-26,2439.070068,1246.300049,43.380001
2017-06-27,2419.379883,1246.400024,44.240002
2017-06-28,2440.689941,1248,44.740002
2017-06-29,2419.699951,1244.199951,44.93
2017-06-30,2423.409912,1240.699951,46.040001
2017-07-03,2429.01001,1240.699951,46.040001
2017-07-05,2432.540039,1220.400024,45.130001
2017-07-06,2409.75,1222.199951,45.52
2017-07-07,2425.179932,1208.599976,44.23
2017-07-10,2427.429932,1212.099976,44.400002
2017-07-11,2425.530029,1213.599976,45.040001
2017-07-12,2443.25,1218.099976,45.490002
2017-07-13,2447.830078,1216.300049,46.080002
2017-07-14,2459.27002,1226.599976,46.540001
2017-07-17,2459.139893,1232.800049,46.02
2017-07-18,2460.610107,1241.099976,46.400002
2017-07-19,2473.830078,1241.199951,47.119999
2017-07-20,2473.449951,1244.800049,46.790001
2017-07-21,2472.540039,1254.300049,45.77
2017-07-24,2469.909912,1253.900024,46.34
2017-07-25,2477.129883,1251.699951,47.889999
2017-07-26,2477.830078,1249,48.75
2017-07-27,2475.419922,1259.599976,49.040001
2017-07-28,2472.100098,1268.400024,49.709999
2017-07-31,2470.300049,1266.599976,50.169998
2017-08-01,2476.350098,1272.599976,49.16
2017-08-02,2477.570068,1271.800049,49.59
2017-08-03,2472.159912,1267.800049,49.029999
2017-08-04,2476.830078,1258.300049,49.580002
2017-08-07,2480.909912,1258.199951,49.389999
2017-08-08,2474.919922,1256.400024,49.169998
2017-08-09,2474.02002,1273,49.560001
2017-08-10,2438.209961,1283.699951,48.59
2017-08-11,2441.320068,1287.699951,48.82
2017-08-14,2465.840088,1284.199951,47.59
2017-08-15,2464.610107,1273.699951,47.549999
2017-08-16,2468.110107,1276.900024,46.779999
2017-08-17,2430.01001,1286.400024,47.09
2017-08-18,2425.550049,1285.699951,48.509998
2017-08-21,2428.370117,1290.800049,47.369999
2017-08-22,2452.51001,1285.099976,47.639999
2017-08-23,2444.040039,1288.900024,48.41
2017-08-24,2438.969971,1286.5,47.43
2017-08-25,2443.050049,1292.5,47.869999
2017-08-28,2444.23999,1309.699951,46.57
2017-08-29,2446.300049,1313.099976,46.439999
2017-08-30,2457.590088,1308.099976,45.959999
2017-08-31,2471.649902,1316.199951,47.23
2017-09-01,2476.550049,1324.5,47.290001
2017-09-05,2457.850098,1339.199951,48.66
2017-09-06,2465.540039,1333.900024,49.16
2017-09-07,2465.100098,1345.099976,49.09
2017-09-08,2461.429932,1346,47.48
2017-09-11,2488.110107,1331,48.07
2017-09-12,2496.47998,1328,48.23
2017-09-13,2498.370117,1323.400024,49.299999
2017-09-14,2495.620117,1324.699951,49.889999
2017-09-15,2500.22998,1320.400024,49.889999
2017-09-18,2503.870117,1306.300049,49.91
2017-09-19,2506.649902,1306.199951,49.48
2017-09-20,2508.23999,1312,50.41
2017-09-21,2500.600098,1290.599976,50.549999
2017-09-22,2502.219971,1293.300049,50.66
2017-09-25,2496.659912,1306.800049,52.220001
2017-09-26,2496.840088,1297,51.880001
2017-09-27,2507.040039,1283.400024,52.139999
2017-09-28,2510.060059,1285.5,51.560001
2017-09-29,2519.360107,1281.5,51.669998
2017-10-02,2529.120117,1272.699951,50.580002
2017-10-03,2534.580078,1271.5,50.419998
2017-10-04,2537.73999,1273.699951,49.98
2017-10-05,2552.070068,1269.900024,50.790001
2017-10-06,2549.330078,1271.599976,49.290001
2017-10-09,2544.72998,1281.800049,49.580002
2017-10-10,2550.639893,1290.599976,50.919998
2017-10-11,2555.23999,1285.800049,51.299999
2017-10-12,2550.929932,1293.300049,50.599998
2017-10-13,2553.169922,1301.5,51.450001
2017-10-16,2557.639893,1299.900024,51.869999
2017-10-17,2559.360107,1283,51.880001
2017-10-18,2561.26001,1279.900024,52.040001
2017-10-19,2562.100098,1286.900024,51.290001
2017-10-20,2575.209961,1277.400024,51.470001
2017-10-23,2564.97998,1277.699951,51.900002
2017-10-24,2569.129883,1275,52.470001
2017-10-25,2557.149902,1275.400024,52.18
2017-10-26,2560.399902,1266.300049,52.639999
2017-10-27,2581.070068,1268.5,53.900002
2017-10-30,2572.830078,1274.099976,54.150002
2017-10-31,2575.26001,1267,54.380001
2017-11-01,2579.360107,1274.099976,54.299999
2017-11-02,2579.850098,1274.900024,54.540001
2017-11-03,2587.840088,1266.5,55.639999
2017-11-06,2591.129883,1279.400024,57.349998
2017-11-07,2590.639893,1273.699951,57.200001
2017-11-08,2594.379883,1281.599976,56.810001
2017-11-09,2584.620117,1285.599976,57.169998
2017-11-10,2582.300049,1272.400024,56.740002
2017-11-13,2584.840088,1277.300049,56.759998
2017-11-14,2578.870117,1281.5,55.700001
2017-11-15,2564.620117,1276.5,55.330002
2017-11-16,2585.639893,1277.400024,55.139999
2017-11-17,2578.850098,1295.800049,56.549999
2017-11-20,2582.139893,1274.599976,56.09
2017-11-21,2599.030029,1281.099976,56.830002
2017-11-22,2597.080078,1291.599976,58.02
2017-11-24,2602.419922,1291.599976,58.02
2017-11-27,2601.419922,1293.800049,58.110001
2017-11-28,2627.040039,1294.699951,57.990002
2017-11-29,2626.070068,1282.099976,57.299999
2017-11-30,2647.580078,1273.199951,57.400002
2017-12-01,2642.219971,1278.800049,58.360001
2017-12-04,2639.439941,1274.300049,57.470001
2017-12-05,2629.570068,1261.599976,57.619999
2017-12-06,2629.27002,1262.800049,55.959999
2017-12-07,2636.97998,1249.800049,56.689999
2017-12-08,2651.5,1245.199951,57.360001
2017-12-11,2659.98999,1243.699951,57.990002
2017-12-12,2664.110107,1238.5,57.139999
2017-12-13,2662.850098,1245.400024,56.599998
2017-12-14,2652.01001,1253.800049,57.040001
2017-12-15,2675.810059,1254.300049,57.299999
2017-12-18,2690.159912,1262.199951,57.16
2017-12-19,2681.469971,1260.699951,57.459999
2017-12-20,2679.25,1266.099976,58.09
2017-12-21,2684.570068,1267.300049,58.360001
2017-12-22,2683.340088,1275.400024,58.470001
2017-12-26,2680.5,1284.099976,59.970001
2017-12-27,2682.620117,1287,59.639999
2017-12-28,2687.540039,1294.099976,59.84
2017-12-29,2673.610107,1306.300049,60.419998
2018-01-02,2695.810059,1313.699951,60.369999
2018-01-03,2713.060059,1316.199951,61.630001
2018-01-04,2723.98999,1319.400024,62.009998
2018-01-05,2743.149902,1320.300049,61.439999
2018-01-08,2747.709961,1318.599976,61.73
2018-01-09,2751.290039,1311.699951,62.959999
2018-01-10,2748.22998,1317.400024,63.57
2018-01-11,2767.560059,1320.599976,63.799999
2018-01-12,2786.23999,1333.400024,64.300003
2018-01-16,2776.419922,1335.400024,63.73
2018-01-17,2802.560059,1338,63.970001
2018-01-18,2798.030029,1326,63.950001
2018-01-19,2810.300049,1331.900024,63.369999
2018-01-22,2832.969971,1330.900024,63.490002
2018-01-23,2839.129883,1335.699951,64.470001
2018-01-24,2837.540039,1355.900024,65.610001
2018-01-25,2839.25,1362.400024,65.510002
2018-01-26,2872.870117,1351.599976,66.139999
2018-01-29,2853.530029,1351.5999.76,65.559998
2018-01-30,2822.429932,1335.400024,64.5
2018-01-31,2823.810059,1339,64.730003
2018-02-01,2821.97998,1344.300049,65.800003
2018-02-02,2762.129883,1333.699951,65.449997
2018-02-05,2648.939941,1333,64.150002
2018-02-06,2695.139893,1326.099976,63.389999
2018-02-07,2681.659912,1311.599976,61.790001
2018-02-08,2581,1316.900024,61.150002
2018-02-09,2619.550049,1313.099976,59.200001
2018-02-12,2656,1324.199951,59.290001
2018-02-13,2662.939941,1328.099976,59.189999
2018-02-14,2698.629883,1355.5,60.599998
2018-02-15,2731.199951,1352.099976,61.34
2018-02-16,2732.219971,1353.199951,61.68
2018-02-20,2716.26001,1328.800049,61.900002
2018-02-21,2701.330078,1330,61.68
2018-02-22,2703.959961,1330.599976,62.77
2018-02-23,2747.300049,1328.199951,63.549999
2018-02-26,2779.600098,1330.699951,63.91
2018-02-27,2744.280029,1315.5,63.009998
2018-02-28,2713.830078,1315.5,61.639999
2018-03-01,2677.669922,1302.900024,60.990002
2018-03-02,2691.25,1321.099976,61.25
2018-03-05,2720.939941,1318.099976,62.57
2018-03-06,2728.120117,1333.599976,62.599998
2018-03-07,2726.800049,1326,61.150002
2018-03-08,2738.969971,1319.900024,60.119999
2018-03-09,2786.570068,1322.400024,62.040001
2018-03-12,2783.02002,1319.400024,61.360001
2018-03-13,2765.310059,1325.900024,60.709999
2018-03-14,2749.47998,1324.400024,60.959999
2018-03-15,2747.330078,1316.800049,61.189999
2018-03-16,2752.01001,1311.300049,62.34
2018-03-19,2712.919922,1316.800049,62.060001
2018-03-20,2716.939941,1311.099976,63.400002
2018-03-21,2711.929932,1320.699951,65.169998
2018-03-22,2643.689941,1326.599976,64.300003
2018-03-23,2588.26001,1349.300049,65.879997
2018-03-26,2658.550049,1354.400024,65.550003
2018-03-27,2612.620117,1341.300049,65.25
2018-03-28,2605,1324.199951,64.379997
2018-03-29,2640.870117,1322.800049,64.940002
2018-04-02,2581.879883,1342.099976,63.009998
2018-04-03,2614.449951,1332.800049,63.509998
2018-04-04,2644.689941,1335.800049,63.369999
2018-04-05,2662.840088,1324.300049,63.540001
2018-04-06,2604.469971,1331.900024,62.060001
2018-04-09,2613.159912,1336.300049,63.419998
2018-04-10,2656.870117,1342,65.510002
2018-04-11,2642.189941,1356.5,66.82
2018-04-12,2663.98999,1338.400024,67.07
2018-04-13,2656.300049,1344.800049,67.389999
2018-04-16,2677.840088,1347.5,66.220001
2018-04-17,2706.389893,1347.199951,66.519997
2018-04-18,2708.639893,1351.199951,68.470001
2018-04-19,2693.129883,1346.800049,68.290001
2018-04-20,2670.139893,1336.699951,68.379997
2018-04-23,2670.290039,1322.5,68.639999
2018-04-24,2634.560059,1331.400024,67.699997
2018-04-25,2639.399902,1321.199951,68.050003
2018-04-26,2666.939941,1316.300049,68.190002
2018-04-27,2669.909912,1320.300049,68.099998
2018-04-30,2648.050049,1316.199951,68.57
2018-05-01,2654.800049,1303.800049,67.25
2018-05-02,2635.669922,1302.599976,67.93
2018-05-03,2629.72998,1310.699951,68.43
2018-05-04,2663.419922,1312.699951,69.720001
2018-05-07,2672.629883,1312.199951,70.730003
2018-05-08,2671.919922,1312,69.059998
2018-05-09,2697.790039,1311.300049,71.139999
2018-05-10,2723.070068,1320.800049,71.360001
2018-05-11,2727.719971,1319,70.699997
2018-05-14,2730.129883,1316.5,70.959999
2018-05-15,2711.449951,1288.900024,71.309998
2018-05-16,2722.459961,1290.199951,71.489998
2018-05-17,2720.129883,1288.199951,71.489998
2018-05-18,2712.969971,1290.199951,71.279999
2018-05-21,2733.01001,1290.199951,72.239998
2018-05-22,2724.439941,1291.699951,72.129997
2018-05-23,2733.290039,1289.300049,71.839996
2018-05-24,2727.76001,1303.699951,70.709999
2018-05-25,2721.330078,1303.300049,67.879997
2018-05-29,2689.860107,1298.699951,66.730003
2018-05-30,2724.01001,1301.5,68.209999
2018-05-31,2705.27002,1300.099976,67.040001
2018-06-01,2734.620117,1294.800049,65.809998
2018-06-04,2746.870117,1293.099976,64.75
2018-06-05,2748.800049,1297.5,65.519997
2018-06-06,2772.350098,1297.099976,64.730003
2018-06-07,2770.370117,1298.699951,65.949997
2018-06-08,2779.030029,1298.099976,65.739998
2018-06-11,2782,1298.900024,66.099998
2018-06-12,2786.850098,1295.099976,66.360001
2018-06-13,2775.629883,1296.900024,66.639999
2018-06-14,2782.48999,1304,66.889999
2018-06-15,2779.659912,1274.599976,65.059998
2018-06-18,2773.75,1276.199951,65.849998
2018-06-19,2762.590088,1275.599976,65.07
2018-06-20,2767.320068,1271.199951,66.220001
2018-06-21,2749.76001,1267.199951,65.540001
2018-06-22,2754.879883,1267.400024,68.580002
2018-06-25,2717.070068,1265.599976,68.080002
2018-06-26,2723.060059,1256.599976,70.529999
2018-06-27,2699.629883,1252.800049,72.760002
2018-06-28,2716.310059,1247.800049,73.449997
2018-06-29,2718.370117,1251.300049,74.150002
2018-07-02,2726.709961,1239.800049,73.940002
2018-07-03,2713.219971,1239.800049,73.940002
2018-07-05,2736.610107,1257.300049,72.940002
2018-07-06,2759.820068,1254.300049,73.800003
2018-07-09,2784.169922,1258.099976,73.849998
2018-07-10,2793.840088,1253.800049,74.110001
2018-07-11,2774.02002,1242.800049,70.379997
2018-07-12,2798.290039,1245,70.330002
2018-07-13,2801.310059,1239.599976,71.010002
2018-07-16,2798.429932,1238.099976,68.059998
2018-07-17,2809.550049,1225.699951,68.080002
2018-07-18,2815.620117,1226.300049,68.760002
2018-07-19,2804.48999,1222.400024,69.459999
2018-07-20,2801.830078,1229.5,70.459999
2018-07-23,2806.97998,1224,67.889999
2018-07-24,2820.399902,1223.900024,68.519997
2018-07-25,2846.070068,1231.400024,69.300003
2018-07-26,2837.439941,1225.300049,69.610001
2018-07-27,2818.820068,1222.599976,68.690002
2018-07-30,2802.600098,1221.300049,70.129997
2018-07-31,2816.290039,1223.699951,68.760002
2018-08-01,2813.360107,1217.900024,67.660004
2018-08-02,2827.219971,1210.599976,68.959999
2018-08-03,2840.350098,1214.199951,68.489998
2018-08-06,2850.399902,1208.599976,69.010002
2018-08-07,2858.449951,1209.599976,69.169998
2018-08-08,2857.699951,1212.599976,66.940002
2018-08-09,2853.580078,1211.900024,66.809998
2018-08-10,2833.280029,1211.099976,67.629997
2018-08-13,2821.929932,1191.300049,67.199997
2018-08-14,2839.959961,1193,67.040001
2018-08-15,2818.370117,1177.5,65.010002
2018-08-16,2840.689941,1176.199951,65.459999
2018-08-17,2850.129883,1176.5,65.910004
2018-08-20,2857.050049,1186.800049,66.43
2018-08-21,2862.959961,1192.599976,67.349998
2018-08-22,2861.820068,1196.300049,67.860001
2018-08-23,2856.97998,1187,67.830002
2018-08-24,2874.689941,1206.300049,68.720001
2018-08-27,2896.73999,1209,68.870003
2018-08-28,2897.52002,1207.400024,68.529999
2018-08-29,2914.040039,1204.5,69.510002
2018-08-30,2901.129883,1197.699951,70.25
2018-08-31,2901.52002,1200.300049,69.800003
2018-09-04,2896.719971,1192.699951,69.870003
2018-09-05,2888.600098,1194.900024,68.720001
2018-09-06,2878.050049,1197.900024,67.769997
2018-09-07,2871.679932,1193.599976,67.75
2018-09-10,2877.129883,1193,67.540001
2018-09-11,2887.889893,1195.400024,69.25
2018-09-12,2888.919922,1204.699951,70.370003
2018-09-13,2904.179932,1202,68.589996
2018-09-14,2904.97998,1195,68.989998
2018-09-17,2888.800049,1199.699951,68.910004
2018-09-18,2904.310059,1196.800049,69.849998
2018-09-19,2907.949951,1202.199951,71.120003
2018-09-20,2930.75,1206.199951,70.800003
2018-09-21,2929.669922,1196.199951,70.779999
2018-09-24,2919.370117,1199.300049,72.080002
2018-09-25,2915.560059,1200,72.279999
2018-09-26,2905.969971,1194,71.57
2018-09-27,2914,1182.300049,72.120003
2018-09-28,2913.97998,1191.5,73.25
2018-10-01,2924.590088,1187.099976,75.300003
2018-10-02,2923.429932,1202.400024,75.230003
2018-10-03,2925.51001,1198.300049,76.410004
2018-10-04,2901.610107,1197.199951,74.330002
2018-10-05,2885.570068,1201.199951,74.339996
2018-10-08,2884.429932,1184.400024,74.290001
2018-10-09,2880.340088,1187.199951,74.959999
2018-10-10,2785.679932,1189.300049,73.169998
2018-10-11,2728.370117,1223.5,70.970001
2018-10-12,2767.129883,1218.099976,71.339996
2018-10-15,2750.790039,1226.400024,71.779999
2018-10-16,2809.919922,1227.300049,71.919998
2018-10-17,2809.209961,1223.699951,69.75
2018-10-18,2768.780029,1226.5,68.650002
2018-10-19,2767.780029,1225.300049,69.120003
2018-10-22,2755.879883,1221.199951,69.169998
2018-10-23,2740.689941,1233.400024,66.43
2018-10-24,2656.100098,1227.800049,66.82
2018-10-25,2705.570068,1229.099976,67.330002
2018-10-26,2658.689941,1232.5,67.589996
2018-10-29,2641.25,1224.5,67.040001
2018-10-30,2682.629883,1222.599976,66.18
2018-10-31,2711.73999,1212.300049,65.309998
2018-11-01,2740.370117,1236,63.689999
2018-11-02,2723.060059,1230.900024,63.139999
2018-11-05,2738.310059,1229.800049,63.099998
2018-11-06,2755.449951,1223.800049,62.209999
2018-11-07,2813.889893,1226.199951,61.669998
2018-11-08,2806.830078,1222.900024,60.669998
2018-11-09,2781.01001,1206.400024,60.189999
2018-11-12,2726.219971,1201.300049,59.93
2018-11-13,2722.179932,1199.199951,55.689999
2018-11-14,2701.580078,1207.900024,56.25
2018-11-15,2730.199951,1212.800049,56.459999
2018-11-16,2736.27002,1220.800049,56.459999
2018-11-19,2690.72998,1223.099976,56.759998
2018-11-20,2641.889893,1219,53.43
2018-11-21,2649.929932,1225.800049,54.630001
2018-11-23,2632.560059,1225.800049,54.630001
2018-11-26,2673.449951,1220.199951,51.630001
2018-11-27,2682.169922,1211.199951,51.560001
2018-11-28,2743.790039,1221.400024,50.290001
2018-11-29,2737.800049,1224.099976,51.450001
2018-11-30,2760.169922,1220.199951,50.93
2018-12-03,2790.370117,1233.900024,52.950001
2018-12-04,2700.060059,1241.099976,53.25
2018-12-06,2695.949951,1238.099976,51.490002
2018-12-07,2633.080078,1246.800049,52.610001
2018-12-10,2637.719971,1243.699951,51
2018-12-11,2636.780029,1241.900024,51.650002
2018-12-12,2651.070068,1244.400024,51.150002
2018-12-13,2650.540039,1242.699951,52.580002
2018-12-14,2599.949951,1237,51.200001
2018-12-17,2545.939941,1247.400024,49.880001
2018-12-18,2546.159912,1249.199951,46.240002
2018-12-19,2506.959961,1252.099976,47.200001
2018-12-20,2467.419922,1263.599976,45.880001
2018-12-21,2416.620117,1253.800049,45.59
2018-12-24,2351.100098,1253.800049,45.59
2018-12-26,2467.699951,1269.199951,46.220001
2018-12-27,2488.830078,1277.300049,44.610001
2018-12-28,2485.73999,1279.900024,45.330002
2018-12-31,2506.850098,1278.300049,45.41
2019-01-02,2510.030029,1281,46.540001
2019-01-03,2447.889893,1291.800049,47.09
2019-01-04,2531.939941,1282.699951,47.959999
2019-01-07,2549.689941,1286.800049,48.52
2019-01-08,2574.409912,1283.199951,49.779999
2019-01-09,2584.959961,1289.300049,52.360001
2019-01-10,2596.639893,1284.699951,52.59
2019-01-11,2596.26001,1287.099976,51.59
2019-01-14,2582.610107,1289.099976,50.509998
2019-01-15,2610.300049,1286.199951,52.110001
2019-01-16,2616.100098,1291.599976,52.310001
2019-01-17,2635.959961,1291,52.07
2019-01-18,2670.709961,1281.300049,53.799999
2019-01-22,2632.899902,1282.5,52.57
2019-01-23,2638.699951,1283.099976,52.619999
2019-01-24,2642.330078,1279.099976,53.130001
2019-01-25,2664.76001,1297.400024,53.689999
2019-01-28,2643.850098,1302.400024,51.990002
2019-01-29,2640,1308.199951,53.310001
2019-01-30,2681.050049,1309.900024,54.23
2019-01-31,2704.100098,1319.699951,53.790001
2019-02-01,2706.530029,1316.900024,55.259998
2019-02-04,2724.870117,1314.300049,54.560001
2019-02-05,2737.699951,1314.199951,53.66
2019-02-06,2731.610107,1309.5,54.009998
2019-02-07,2706.050049,1309.400024,52.639999
2019-02-08,2707.879883,1313.699951,52.720001
2019-02-11,2709.800049,1307,52.41
2019-02-12,2744.72998,1309.199951,53.099998
2019-02-13,2753.030029,1310.800049,53.900002
2019-02-14,2745.72998,1309.800049,54.41
2019-02-15,2775.600098,1318.099976,55.59
2019-02-19,2779.76001,1340.099976,56.09
2019-02-20,2784.699951,1343.300049,56.919998
2019-02-21,2774.879883,1323.5,56.959999
2019-02-22,2792.669922,1329.199951,57.259998
2019-02-25,2796.110107,1325.900024,55.48
2019-02-26,2793.899902,1325.099976,55.5
2019-02-27,2792.379883,1317.699951,56.939999
2019-02-28,2784.48999,1312.800049,57.220001
2019-03-01,2803.689941,1296.400024,55.799999
2019-03-04,2792.810059,1284.800049,56.59
2019-03-05,2789.649902,1282,56.560001
2019-03-06,2771.449951,1284.900024,56.220001
2019-03-07,2748.929932,1283.800049,56.66
2019-03-08,2743.070068,1297,56.07
2019-03-11,2783.300049,1288.800049,56.790001
2019-03-12,2791.52002,1296.300049,56.869999
2019-03-13,2810.919922,1307.5,58.259998
2019-03-14,2808.47998,1293.400024,58.610001
2019-03-15,2822.47998,1301.800049,58.52
2019-03-18,2832.939941,1300.300049,59.09
2019-03-19,2832.570068,1305,59.029999
2019-03-20,2824.22998,1300.5,59.830002
2019-03-21,2854.879883,1306.099976,59.98
2019-03-22,2800.709961,1311.599976,59.040001
2019-03-25,2798.360107,1321.900024,58.82
2019-03-26,2818.459961,1314.300049,59.939999
2019-03-27,2805.370117,1309.900024,59.41
2019-03-28,2815.439941,1289.800049,59.299999
2019-03-29,2834.399902,1293,60.139999
2019-04-01,2867.189941,1288.400024,61.59
2019-04-02,2867.23999,1290,62.580002
2019-04-03,2873.399902,1289.900024,62.459999
2019-04-04,2879.389893,1289,62.099998
2019-04-05,2892.73999,1290.400024,63.080002
2019-04-08,2895.77002,1297.099976,64.400002
2019-04-09,2878.199951,1303.5,63.98
2019-04-10,2888.209961,1309.099976,64.610001
2019-04-11,2888.320068,1288.599976,63.580002
2019-04-12,2907.409912,1290.599976,63.889999
2019-04-15,2905.580078,1286.800049,63.400002
2019-04-16,2907.060059,1272.599976,64.050003
2019-04-17,2900.449951,1272.199951,63.759998
2019-04-18,2905.030029,1271.900024,64
2019-04-22,2907.969971,1273.5,65.699997
2019-04-23,2933.679932,1269.300049,66.300003
2019-04-24,2927.25,1275.5,65.889999
2019-04-25,2926.169922,1275.800049,65.209999
2019-04-26,2939.879883,1284.900024,63.299999
2019-04-29,2943.030029,1278.599976,63.5
2019-04-30,2945.830078,1282.800049,63.91
2019-05-01,2923.72998,1281.400024,63.599998
2019-05-02,2917.52002,1269.699951,61.810001
2019-05-03,2945.639893,1279.199951,61.939999
2019-05-06,2932.469971,1281.699951,62.25
2019-05-07,2884.050049,1283.5,61.400002
2019-05-08,2879.419922,1279.400024,62.119999
2019-05-09,2870.719971,1283.5,61.700001
2019-05-10,2881.399902,1285.699951,61.66
2019-05-13,2811.870117,1300.099976,61.040001
2019-05-14,2834.409912,1294.699951,61.779999
2019-05-15,2850.959961,1296.300049,62.02
2019-05-16,2876.320068,1285,62.869999
2019-05-17,2859.530029,1274.5,62.759998
2019-05-20,2840.22998,1276.099976,63.099998
2019-05-21,2864.360107,1272,62.990002
2019-05-22,2856.27002,1273.599976,61.419998
2019-05-23,2822.23999,1284.800049,57.91
2019-05-24,2826.060059,1283,58.630001
2019-05-28,2802.389893,1276.5,59.139999
2019-05-29,2783.02002,1280.599976,58.810001
2019-05-30,2788.860107,1287.099976,56.59
2019-05-31,2752.060059,1305.800049,53.5
2019-06-03,2744.449951,1322.699951,53.25
2019-06-04,2803.27002,1323.400024,53.48
2019-06-05,2826.149902,1328.300049,51.68
2019-06-06,2843.48999,1337.599976,52.59
2019-06-07,2873.340088,1341.199951,53.990002
2019-06-10,2886.72998,1324.699951,53.259998
2019-06-11,2885.719971,1326.400024,53.27
2019-06-12,2879.840088,1331.900024,51.139999
2019-06-13,2891.639893,1339.199951,52.279999
2019-06-14,2886.97998,1340.099976,52.509998
2019-06-17,2889.669922,1338.699951,51.93
2019-06-18,2917.75,1346.599976,53.900002
2019-06-19,2926.459961,1344.599976,53.759998
2019-06-20,2954.179932,1392.900024,56.650002
2019-06-21,2950.459961,1396.199951,57.43
2019-06-24,2945.350098,1414.300049,57.900002
2019-06-25,2917.379883,1414.900024,57.830002
2019-06-26,2913.780029,1411.599976,59.380001
2019-06-27,2924.919922,1408.400024,59.43
2019-06-28,2941.76001,1409.699951,58.470001
2019-07-01,2964.330078,1385.599976,59.09
2019-07-02,2973.01001,1404.599976,56.25
2019-07-03,2995.820068,1404.599976,56.25
2019-07-05,2990.409912,1396.699951,57.509998
2019-07-08,2975.949951,1397,57.66
2019-07-09,2979.629883,1397.5,57.830002
2019-07-10,2993.070068,1410.099976,60.43
2019-07-11,2999.909912,1404.300049,60.200001
2019-07-12,3013.77002,1409.900024,60.209999
2019-07-15,3014.300049,1411.400024,59.580002
2019-07-16,3004.040039,1409.199951,57.619999
2019-07-17,2984.419922,1421.300049,56.779999
2019-07-18,2995.110107,1426.099976,55.299999
2019-07-19,2976.610107,1425.099976,55.630001
2019-07-22,2985.030029,1425.300049,56.220001
2019-07-23,3005.469971,1420.099976,56.77
2019-07-24,3019.560059,1422.800049,55.880001
2019-07-25,3003.669922,1413.900024,56.02
2019-07-26,3025.860107,1418.5,56.200001
2019-07-29,3020.969971,1419.599976,56.869999
2019-07-30,3013.179932,1429.699951,58.049999
2019-07-31,2980.379883,1426.099976,58.580002
2019-08-01,2953.560059,1420.900024,53.950001
2019-08-02,2932.050049,1445.599976,55.66
2019-08-05,2844.73999,1464.599976,54.689999
2019-08-06,2881.77002,1472.400024,53.630001
2019-08-07,2883.97998,1507.300049,51.09
2019-08-08,2938.090088,1497.699951,52.540001
2019-08-09,2918.649902,1496.599976,54.5
2019-08-12,2882.699951,1505.300049,54.93
2019-08-13,2926.320068,1502.199951,57.099998
2019-08-14,2840.600098,1515.900024,55.23
2019-08-15,2847.600098,1519.599976,54.470001
2019-08-16,2888.679932,1512.5,54.869999
2019-08-19,2923.649902,1500.400024,56.209999
2019-08-20,2900.51001,1504.599976,56.34
2019-08-21,2924.429932,1504.599976,55.68
2019-08-22,2922.949951,1497.300049,55.349998
2019-08-23,2847.110107,1526.599976,54.169998
2019-08-26,2878.379883,1526.300049,53.639999
2019-08-27,2869.159912,1541,54.93
2019-08-28,2887.939941,1537.800049,55.779999
2019-08-29,2924.580078,1526.5,56.709999
2019-08-30,2926.459961,1519.099976,55.099998
2019-09-03,2906.27002,1545.900024,53.939999
2019-09-04,2937.780029,1550.300049,56.259998
2019-09-05,2976,1515.400024,56.299999
2019-09-06,2978.709961,1506.199951,56.52
2019-09-09,2978.429932,1502.199951,57.849998
2019-09-10,2979.389893,1490.300049,57.400002
2019-09-11,3000.929932,1494.400024,55.75
2019-09-12,3009.570068,1498.699951,55.09
2019-09-13,3007.389893,1490.900024,54.849998
2019-09-16,2997.959961,1503.099976,62.900002
2019-09-17,3005.699951,1505.099976,59.34
2019-09-18,3006.72998,1507.5,58.110001
2019-09-19,3006.790039,1498.400024,58.130001
2019-09-20,2992.070068,1507.300049,58.09
2019-09-23,2991.780029,1523.699951,58.639999
2019-09-24,2966.600098,1532.099976,57.290001
2019-09-25,2984.870117,1504.599976,56.490002
2019-09-26,2977.620117,1507.5,56.41
2019-09-27,2961.790039,1499.099976,55.91
2019-09-30,2976.73999,1465.699951,54.07
2019-10-01,2940.25,1482,53.619999
2019-10-02,2887.610107,1501,52.639999
2019-10-03,2910.629883,1507.099976,52.450001
2019-10-04,2952.01001,1506.199951,52.810001
2019-10-07,2938.790039,1497.699951,52.75
2019-10-08,2893.060059,1497.199951,52.630001
2019-10-09,2919.399902,1506.099976,52.59
2019-10-10,2938.129883,1494.800049,53.549999
2019-10-11,2970.27002,1482.699951,54.700001
2019-10-14,2966.149902,1491.699951,53.59
2019-10-15,2995.679932,1477.599976,52.810001
2019-10-16,2989.689941,1488,53.360001
2019-10-17,2997.949951,1492.300049,53.93
2019-10-18,2986.199951,1488.199951,53.779999
2019-10-21,3006.719971,1482.400024,53.310001
2019-10-22,2995.98999,1481.699951,54.16
2019-10-23,3004.52002,1489.900024,55.970001
2019-10-24,3010.290039,1498.900024,56.23
2019-10-25,3022.550049,1499.5,56.66
2019-10-28,3039.419922,1490,55.810001
2019-10-29,3036.889893,1487,55.540001
2019-10-30,3046.77002,1493.199951,55.060001
2019-10-31,3037.560059,1511.400024,54.18
2019-11-01,3066.909912,1508,56.200001
2019-11-04,3078.27002,1508,56.540001
2019-11-05,3074.620117,1480.800049,57.23
2019-11-06,3076.780029,1490.199951,56.349998
2019-11-07,3085.179932,1464.199951,57.150002
2019-11-08,3093.080078,1461.300049,57.240002
2019-11-11,3087.01001,1455.5,56.860001
2019-11-12,3091.840088,1452.099976,56.799999
2019-11-13,3094.040039,1461.699951,57.119999
2019-11-14,3096.629883,1471.800049,56.77
2019-11-15,3120.459961,1467.300049,57.720001
2019-11-18,3122.030029,1470.900024,57.049999
2019-11-19,3120.179932,1473.300049,55.209999
2019-11-20,3108.459961,1473.300049,57.110001
2019-11-21,3103.540039,1463.099976,58.580002
2019-11-22,3110.290039,1463.099976,57.77
2019-11-25,3133.639893,1456.599976,58.009998
2019-11-26,3140.52002,1459.800049,58.41
2019-11-27,3153.629883,1453.400024,58.110001
2019-11-29,3140.97998,1453.400024,58.110001
2019-12-02,3113.870117,1462.300049,55.959999
2019-12-03,3093.199951,1478.199951,56.099998
2019-12-04,3112.76001,1474,58.43
2019-12-05,3117.429932,1476.900024,58.43
2019-12-06,3145.909912,1459.099976,59.200001
2019-12-09,3135.959961,1459.300049,59.02
2019-12-10,3132.52002,1462.599976,59.240002
2019-12-11,3141.629883,1469.400024,58.759998
2019-12-12,3168.570068,1466.699951,59.18
2019-12-13,3168.800049,1475.599976,60.07
2019-12-16,3191.449951,1475,60.209999
2019-12-17,3192.52002,1474.599976,60.939999
2019-12-18,3191.139893,1472.599976,60.93
2019-12-19,3205.370117,1478.199951,61.220001
2019-12-20,3221.219971,1474.699951,60.439999
2019-12-23,3224.01001,1482.5,60.52
2019-12-24,3223.379883,1482.5,60.52
2019-12-26,3239.909912,1509.300049,61.68
2019-12-27,3240.02002,1513.800049,61.720001
2019-12-30,3221.290039,1514.5,61.68
