"","w12","w13","w21"
"1970-01-02 05:30:00",0.5600712271413,-0.0103414853756548,0.4399287728587
"1970-01-03 05:30:00",0.57132849251171,-0.0109536877887026,0.42867150748829
"1970-01-04 05:30:00",0.579277355061098,-0.0112639008999971,0.420722644938902
"1970-01-05 05:30:00",0.612261506065997,-0.0109862925608085,0.387738493934003
"1970-01-06 05:30:00",0.607711490095504,-0.0118043015083676,0.392288509904496
"1970-01-07 05:30:00",0.625535372633733,-0.012268386516263,0.374464627366267
"1970-01-08 05:30:00",0.640877576918047,-0.0127103395080465,0.359122423081953
"1970-01-09 05:30:00",0.651184684865683,-0.0130871285955296,0.348815315134317
"1970-01-10 05:30:00",0.654132215153891,-0.0134557850631708,0.345867784846109
"1970-01-11 05:30:00",0.671013405530437,-0.0137074608249732,0.328986594469563
"1970-01-12 05:30:00",0.669173778800902,-0.0123409034517485,0.330826221199097
"1970-01-13 05:30:00",0.732248945998648,-0.0122478837718179,0.267751054001353
"1970-01-14 05:30:00",0.731112245042983,-0.0123998588845873,0.268887754957017
"1970-01-15 05:30:00",0.74322423078711,-0.0123195878298134,0.25677576921289
"1970-01-16 05:30:00",0.73382612316,-0.0134567970423443,0.26617387684
"1970-01-17 05:30:00",0.746216323936465,-0.0136629844821191,0.253783676063535
"1970-01-18 05:30:00",0.744409438529744,-0.0138567892182311,0.255590561470256
"1970-01-19 05:30:00",0.748288811196795,-0.0139357776188355,0.251711188803205
"1970-01-20 05:30:00",0.733634343410107,-0.0121787070799843,0.266365656589893
"1970-01-21 05:30:00",0.723672909033427,-0.0126143254627218,0.276327090966573
"1970-01-22 05:30:00",0.715854060900242,-0.0108319600027394,0.284145939099758
"1970-01-23 05:30:00",0.7311586624375,-0.0110527748876934,0.2688413375625
"1970-01-24 05:30:00",0.733019608877499,-0.0114878971350443,0.266980391122501
"1970-01-25 05:30:00",0.725958488575762,-0.0124207685316146,0.274041511424238
"1970-01-26 05:30:00",0.732163280010733,-0.0126014340358091,0.267836719989267
"1970-01-27 05:30:00",0.763551256572353,-0.0127108078734506,0.236448743427647
"1970-01-28 05:30:00",0.776937121493455,-0.0126585513495269,0.223062878506545
"1970-01-29 05:30:00",0.778943223121093,-0.0128698782262385,0.221056776878907
"1970-01-30 05:30:00",0.739700704104297,-0.0119984073730048,0.260299295895703
"1970-01-31 05:30:00",0.658056028302511,-0.00963355889424712,0.341943971697489
"1970-02-01 05:30:00",0.783290792304907,-0.0116465202699063,0.216709207695093
"1970-02-02 05:30:00",0.804668851469799,-0.0122480437732891,0.195331148530201
"1970-02-03 05:30:00",0.802720416019323,-0.012362503802809,0.197279583980677
"1970-02-04 05:30:00",0.805856468417383,-0.012520401925297,0.194143531582617
"1970-02-05 05:30:00",0.785836875823548,-0.0165402240401836,0.214163124176452
"1970-02-06 05:30:00",0.787182368522553,-0.0160008117827992,0.212817631477447
"1970-02-07 05:30:00",0.793899081102618,-0.0151106786819579,0.206100918897382
"1970-02-08 05:30:00",0.786667307072174,-0.0142818470029472,0.213332692927826
"1970-02-09 05:30:00",0.786589136694924,-0.0146018472911085,0.213410863305076
"1970-02-10 05:30:00",0.782044582922619,-0.0160636861885137,0.217955417077381
"1970-02-11 05:30:00",0.874492291218889,-0.0163181676116128,0.125507708781111
"1970-02-12 05:30:00",0.860078398604766,-0.0159638433207048,0.139921601395234
"1970-02-13 05:30:00",0.854727963248586,-0.0166266213455075,0.145272036751414
"1970-02-14 05:30:00",0.773911938694879,-0.0161983295244219,0.226088061305121
"1970-02-15 05:30:00",0.783847108334217,-0.0158148896485431,0.216152891665783
"1970-02-16 05:30:00",0.790343026041081,-0.0156974739492511,0.209656973958919
"1970-02-17 05:30:00",0.782778734070622,-0.0151070484002454,0.217221265929378
"1970-02-18 05:30:00",0.792343863468466,-0.0148369354956555,0.207656136531534
"1970-02-19 05:30:00",0.719179964820643,-0.0158457517644017,0.280820035179357
"1970-02-20 05:30:00",0.70534949124231,-0.0151851472912514,0.29465050875769
"1970-02-21 05:30:00",0.755022581499566,-0.0159661712639126,0.244977418500434
"1970-02-22 05:30:00",0.755774867728204,-0.0159614380656591,0.244225132271796
"1970-02-23 05:30:00",0.758868056402818,-0.016239795089404,0.241131943597182
"1970-02-24 05:30:00",0.759054029066586,-0.0168925459833091,0.240945970933414
"1970-02-25 05:30:00",0.771775209417551,-0.0168125381690288,0.22822479058245
"1970-02-26 05:30:00",0.797113459593043,-0.0171179336972558,0.202886540406957
"1970-02-27 05:30:00",0.800155114378738,-0.0174047486363803,0.199844885621262
"1970-02-28 05:30:00",0.811517775079076,-0.0183346685367637,0.188482224920924
"1970-03-01 05:30:00",0.814088506060283,-0.0171509100703123,0.185911493939717
"1970-03-02 05:30:00",0.826986866602649,-0.0166582346590723,0.173013133397351
"1970-03-03 05:30:00",0.801086082092848,-0.0134729709355806,0.198913917907152
"1970-03-04 05:30:00",0.804590703747446,-0.0130584231784174,0.195409296252554
"1970-03-05 05:30:00",0.783812785886554,-0.0130071943431684,0.216187214113446
"1970-03-06 05:30:00",0.831213923458341,-0.0153806966869391,0.168786076541659
"1970-03-07 05:30:00",0.8187262551847,-0.0141637822307646,0.1812737448153
"1970-03-08 05:30:00",0.820847368913631,-0.0146461100102576,0.179152631086369
"1970-03-09 05:30:00",0.822789973982934,-0.0136132104847048,0.177210026017066
"1970-03-10 05:30:00",0.810693691640117,-0.0123582230264304,0.189306308359883
"1970-03-11 05:30:00",0.810967019366408,-0.0128963254667944,0.189032980633591
"1970-03-12 05:30:00",0.809588115446143,-0.0127156269183815,0.190411884553857
"1970-03-13 05:30:00",0.814389083021801,-0.0124550497723409,0.185610916978199
"1970-03-14 05:30:00",0.813708192413831,-0.0128987780235846,0.186291807586169
"1970-03-15 05:30:00",0.81169402934137,-0.0120774514705794,0.18830597065863
"1970-03-16 05:30:00",0.808346220938724,-0.0122513010542152,0.191653779061276
"1970-03-17 05:30:00",0.852699550682346,-0.0131423773832471,0.147300449317654
"1970-03-18 05:30:00",0.828799588539036,-0.0115663249987681,0.171200411460964
"1970-03-19 05:30:00",0.833685761139358,-0.0118289433710669,0.166314238860642
"1970-03-20 05:30:00",0.839048667399379,-0.0120295621108768,0.160951332600621
"1970-03-21 05:30:00",0.832205830553251,-0.0127086998999557,0.167794169446749
"1970-03-22 05:30:00",0.833398477297075,-0.0121848612325498,0.166601522702925
"1970-03-23 05:30:00",0.832904444522301,-0.0123595143676325,0.167095555477698
"1970-03-24 05:30:00",0.824241095951313,-0.0128413272328672,0.175758904048687
"1970-03-25 05:30:00",0.824335327391537,-0.0128811450372433,0.175664672608463
"1970-03-26 05:30:00",0.727097939733823,-0.0089922722794958,0.272902060266177
"1970-03-27 05:30:00",0.732156204915714,-0.00952085741807489,0.267843795084286
"1970-03-28 05:30:00",0.736983398926332,-0.00988378047567972,0.263016601073668
"1970-03-29 05:30:00",0.747767056846191,-0.0101813124254907,0.252232943153809
"1970-03-30 05:30:00",0.751086635194458,-0.0108725539111872,0.248913364805542
"1970-03-31 05:30:00",0.726507882441678,-0.00943865586862999,0.273492117558322
"1970-04-01 05:30:00",0.737023529523476,-0.00854719955460465,0.262976470476524
"1970-04-02 05:30:00",0.75777920201161,-0.00867774811444727,0.24222079798839
"1970-04-03 05:30:00",0.729882029060752,-0.00919549057440201,0.270117970939248
"1970-04-04 05:30:00",0.745685885614602,-0.0104593251095545,0.254314114385398
"1970-04-05 05:30:00",0.689234536914565,-0.00842142404545524,0.310765463085435
"1970-04-06 05:30:00",0.735530289083264,-0.0087101805035636,0.264469710916736
"1970-04-07 05:30:00",0.73199318056034,-0.00984494447459071,0.26800681943966
"1970-04-08 05:30:00",0.786175302675362,-0.00966014717561731,0.213824697324638
"1970-04-09 05:30:00",0.789058033621725,-0.0103655004406835,0.210941966378275
"1970-04-10 05:30:00",0.792294482959124,-0.0111866234594747,0.207705517040877
"1970-04-11 05:30:00",0.817810040738702,-0.0103703654900335,0.182189959261298
"1970-04-12 05:30:00",0.82535103504343,-0.010582431206622,0.17464896495657
"1970-04-13 05:30:00",0.790488848351066,-0.00941977416997134,0.209511151648934
"1970-04-14 05:30:00",0.797829226172759,-0.00961844887087096,0.202170773827241
"1970-04-15 05:30:00",0.793606517014422,-0.00995444296962756,0.206393482985579
"1970-04-16 05:30:00",0.79581253563099,-0.0101470918449563,0.20418746436901
"1970-04-17 05:30:00",0.779412719090896,-0.007669713517588,0.220587280909104
"1970-04-18 05:30:00",0.807605953615516,-0.00973402696257535,0.192394046384484
"1970-04-19 05:30:00",0.814758906743348,-0.0101487992131992,0.185241093256652
"1970-04-20 05:30:00",0.839874814972558,-0.0103585723032372,0.160125185027442
"1970-04-21 05:30:00",0.845388220372549,-0.010280565261437,0.154611779627451
"1970-04-22 05:30:00",0.843258812478804,-0.010188656288879,0.156741187521196
"1970-04-23 05:30:00",0.813262828408092,-0.008052242253664,0.186737171591908
"1970-04-24 05:30:00",0.78921565544366,-0.00980771332836879,0.21078434455634
"1970-04-25 05:30:00",0.783111316088072,-0.00947089873939964,0.216888683911928
"1970-04-26 05:30:00",0.801009552400037,-0.00986699069621179,0.198990447599963
"1970-04-27 05:30:00",0.807793256153374,-0.00987980715157978,0.192206743846626
"1970-04-28 05:30:00",0.788230698496027,-0.00808309898510004,0.211769301503973
"1970-04-29 05:30:00",0.741082436885494,-0.00635782172949906,0.258917563114506
"1970-04-30 05:30:00",0.726423636921685,-0.00492664094653314,0.273576363078315
"1970-05-01 05:30:00",0.73494599872461,-0.00515713627381367,0.26505400127539
"1970-05-02 05:30:00",0.740344452999779,-0.0055606385058033,0.259655547000221
"1970-05-03 05:30:00",0.733955168944431,-0.00598465205558742,0.266044831055569
"1970-05-04 05:30:00",0.737156718420416,-0.00634276453541726,0.262843281579584
"1970-05-05 05:30:00",0.750731561084874,-0.00735300497759073,0.249268438915126
"1970-05-06 05:30:00",0.754916460165741,-0.0077914477013667,0.245083539834259
"1970-05-07 05:30:00",0.760638054651281,-0.0080131435643847,0.239361945348719
"1970-05-08 05:30:00",0.767913612646807,-0.00846566772424838,0.232086387353193
"1970-05-09 05:30:00",0.766914652163309,-0.00795579129573566,0.233085347836691
"1970-05-10 05:30:00",0.783306484143588,-0.00862024209417912,0.216693515856412
"1970-05-11 05:30:00",0.782049089445099,-0.00835739732418622,0.217950910554901
"1970-05-12 05:30:00",0.780197493862113,-0.00906560337742843,0.219802506137887
"1970-05-13 05:30:00",0.762120728323396,-0.00801014961303134,0.237879271676604
"1970-05-14 05:30:00",0.802026072241158,-0.00800023346166107,0.197973927758842
"1970-05-15 05:30:00",0.785674269751736,-0.00587607951489224,0.214325730248264
"1970-05-16 05:30:00",0.784924662196564,-0.00584736120385363,0.215075337803436
"1970-05-17 05:30:00",0.794374400103275,-0.00608670327906466,0.205625599896725
"1970-05-18 05:30:00",0.78727711025991,-0.00623212628852703,0.21272288974009
"1970-05-19 05:30:00",0.785075863674512,-0.00685076952780565,0.214924136325488
"1970-05-20 05:30:00",0.816235948533676,-0.00708741621417874,0.183764051466325
"1970-05-21 05:30:00",0.806204071047193,-0.00703323834237211,0.193795928952807
"1970-05-22 05:30:00",0.788603649610389,-0.00662134934648299,0.211396350389611
"1970-05-23 05:30:00",0.838994095890626,-0.00677900907101409,0.161005904109374
"1970-05-24 05:30:00",0.719381812378846,-0.00688836866764502,0.280618187621154
"1970-05-25 05:30:00",0.739464357383258,-0.00716960893041137,0.260535642616742
"1970-05-26 05:30:00",0.740463459892215,-0.00658468339975359,0.259536540107785
"1970-05-27 05:30:00",0.784828234524646,-0.00668467402007615,0.215171765475354
"1970-05-28 05:30:00",0.788567812537835,-0.00688384848064677,0.211432187462165
"1970-05-29 05:30:00",0.763452514334235,-0.00508531361332416,0.236547485665765
"1970-05-30 05:30:00",0.7548177371546,-0.00410479808237268,0.2451822628454
"1970-05-31 05:30:00",0.748547305881178,-0.00450136920405299,0.251452694118822
"1970-06-01 05:30:00",0.734161555928414,-0.0048841439527242,0.265838444071586
"1970-06-02 05:30:00",0.713487814384949,-0.00396994404524572,0.286512185615051
"1970-06-03 05:30:00",0.715560903804259,-0.00266128032964957,0.284439096195741
"1970-06-04 05:30:00",0.723107419021949,-0.00278017105044745,0.276892580978051
"1970-06-05 05:30:00",0.752049107352269,-0.00288910850715711,0.247950892647731
"1970-06-06 05:30:00",0.774856319258934,-0.00350797266617892,0.225143680741066
"1970-06-07 05:30:00",0.780739933319636,-0.00353138950247218,0.219260066680364
"1970-06-08 05:30:00",0.745714437278902,-0.00532369355783195,0.254285562721098
"1970-06-09 05:30:00",0.757943846557574,-0.00526468156109494,0.242056153442426
"1970-06-10 05:30:00",0.730646776750798,-0.00195974871229257,0.269353223249202
"1970-06-11 05:30:00",0.732998786339994,-0.00182626761190722,0.267001213660006
"1970-06-12 05:30:00",0.747247927415472,-0.00198320465501023,0.252752072584528
"1970-06-13 05:30:00",0.750732451988618,-0.00255385794159066,0.249267548011382
"1970-06-14 05:30:00",0.753494031249527,-0.00272811535778347,0.246505968750473
"1970-06-15 05:30:00",0.748735397263264,-0.0026364863481426,0.251264602736736
"1970-06-16 05:30:00",0.751765598067748,-0.00296718211099867,0.248234401932252
"1970-06-17 05:30:00",0.758327680883654,-0.00311635048477604,0.241672319116346
"1970-06-18 05:30:00",0.764776934391941,-0.00314939052523903,0.235223065608059
"1970-06-19 05:30:00",0.787785026331145,-0.00330489310449752,0.212214973668855
"1970-06-20 05:30:00",0.777554178191163,-0.00249061199846073,0.222445821808837
"1970-06-21 05:30:00",0.784318590733514,-0.00274548228778192,0.215681409266486
"1970-06-22 05:30:00",0.84982607338838,-0.00293380331580314,0.15017392661162
"1970-06-23 05:30:00",0.84148854915488,-0.00385434775829701,0.15851145084512
"1970-06-24 05:30:00",0.843689575965911,-0.000965087258976919,0.156310424034089
"1970-06-25 05:30:00",0.846419241793788,-0.00101438711824254,0.153580758206212
"1970-06-26 05:30:00",0.871990537269652,-0.00070973829946795,0.128009462730347
"1970-06-27 05:30:00",0.862387182673722,-0.000153317153030484,0.137612817326278
"1970-06-28 05:30:00",0.85160957904222,-0.00131317263815114,0.14839042095778
"1970-06-29 05:30:00",0.830730422386414,0.00213779995943885,0.169269577613586
"1970-06-30 05:30:00",0.829308214303627,0.00192820250002844,0.170691785696373
"1970-07-01 05:30:00",0.830112460900379,0.00203824652412261,0.169887539099621
"1970-07-02 05:30:00",0.793437856938728,-0.000582030626422764,0.206562143061272
"1970-07-03 05:30:00",0.795903120506386,-0.000491197866900823,0.204096879493614
"1970-07-04 05:30:00",0.805151469893743,-0.000763157642623615,0.194848530106257
"1970-07-05 05:30:00",0.832959330973126,-0.00181905409332438,0.167040669026874
"1970-07-06 05:30:00",0.833232141928545,-0.00199409929794273,0.166767858071455
"1970-07-07 05:30:00",0.826372541686127,-0.00351819809015666,0.173627458313873
"1970-07-08 05:30:00",0.834267515200208,-0.00285792760148198,0.165732484799792
"1970-07-09 05:30:00",0.833106317223995,-0.003221771858334,0.166893682776005
"1970-07-10 05:30:00",0.880263483577903,-0.00392040604427925,0.119736516422097
"1970-07-11 05:30:00",0.878843246828969,-0.00421921997185682,0.121156753171031
"1970-07-12 05:30:00",0.884841870849054,-0.00442509420134932,0.115158129150946
"1970-07-13 05:30:00",0.860660993100335,-0.00580085895878957,0.139339006899665
"1970-07-14 05:30:00",0.858010308648525,-0.00588178024178374,0.141989691351475
"1970-07-15 05:30:00",0.856918505106899,-0.00611563686402885,0.143081494893101
"1970-07-16 05:30:00",0.846303875331253,-0.00637731246207582,0.153696124668747
"1970-07-17 05:30:00",0.87903361121164,-0.00720249096432816,0.12096638878836
"1970-07-18 05:30:00",0.863441268833011,-0.00829316113072249,0.136558731166989
"1970-07-19 05:30:00",0.862299687062776,-0.00856878510660216,0.137700312937224
"1970-07-20 05:30:00",0.85559873096653,-0.00882031812963502,0.14440126903347
"1970-07-21 05:30:00",0.852451177309439,-0.00869535321919274,0.147548822690561
"1970-07-22 05:30:00",0.850776637395855,-0.00875537086947756,0.149223362604145
"1970-07-23 05:30:00",0.851330807694699,-0.0083554217189337,0.1486691923053
"1970-07-24 05:30:00",0.850129147988056,-0.0108214528160279,0.149870852011944
"1970-07-25 05:30:00",0.847238052531932,-0.0107821334350599,0.152761947468068
"1970-07-26 05:30:00",0.834921868672979,-0.0108964513043944,0.165078131327021
"1970-07-27 05:30:00",0.833543869019041,-0.00998154125004714,0.166456130980959
"1970-07-28 05:30:00",0.823099546524519,-0.0112443784201852,0.176900453475481
"1970-07-29 05:30:00",0.824091163085217,-0.0111257107472596,0.175908836914783
"1970-07-30 05:30:00",0.836865183670022,-0.0117740712266207,0.163134816329978
"1970-07-31 05:30:00",0.818685634191888,-0.00999104973626081,0.181314365808112
"1970-08-01 05:30:00",0.775952322155897,-0.00815323607635662,0.224047677844103
"1970-08-02 05:30:00",0.878255512577778,-0.00709136998804454,0.121744487422222
"1970-08-03 05:30:00",0.912762323698137,-0.00749502221057097,0.0872376763018628
"1970-08-04 05:30:00",0.907129460279222,-0.00817007085213718,0.092870539720778
"1970-08-05 05:30:00",0.911725786104472,-0.00863437138110632,0.0882742138955284
"1970-08-06 05:30:00",0.911705545173179,-0.00892904637863052,0.0882944548268207
"1970-08-07 05:30:00",0.910696840872813,-0.00879831131678636,0.0893031591271869
"1970-08-08 05:30:00",0.905932829653404,-0.00824474798596529,0.0940671703465954
"1970-08-09 05:30:00",0.918375786053278,-0.00848908649553774,0.0816242139467217
"1970-08-10 05:30:00",0.857252597860933,-0.00484879013934905,0.142747402139067
"1970-08-11 05:30:00",0.853133096832379,-0.00437238305850213,0.146866903167621
"1970-08-12 05:30:00",0.856532435154756,-0.00402035244611388,0.143467564845244
"1970-08-13 05:30:00",0.851532595817181,-0.0038516037308035,0.148467404182819
"1970-08-14 05:30:00",0.854815476444762,-0.004184255593504,0.145184523555239
"1970-08-15 05:30:00",0.868299196214868,-0.00436624505976528,0.131700803785132
"1970-08-16 05:30:00",0.832014747144824,-0.00405919994555015,0.167985252855176
"1970-08-17 05:30:00",0.826877488885683,-0.00452969260333738,0.173122511114317
"1970-08-18 05:30:00",0.822001617293725,-0.00421188151645378,0.177998382706275
"1970-08-19 05:30:00",0.824955403424693,-0.00461831581857971,0.175044596575307
"1970-08-20 05:30:00",0.824842190222619,-0.00468995051373081,0.175157809777381
"1970-08-21 05:30:00",0.816115275393713,-0.00401864688828858,0.183884724606287
"1970-08-22 05:30:00",0.808385116624954,-0.0035910187762684,0.191614883375046
"1970-08-23 05:30:00",0.811187628197636,-0.0036664017750797,0.188812371802364
"1970-08-24 05:30:00",0.81350273131071,-0.00385984115841209,0.18649726868929
"1970-08-25 05:30:00",0.809748050929996,-0.00389700778923202,0.190251949070004
"1970-08-26 05:30:00",0.805996135436734,-0.00404687439885865,0.194003864563266
"1970-08-27 05:30:00",0.809282473264824,-0.00221548986666921,0.190717526735176
"1970-08-28 05:30:00",0.827230400152184,-0.00238213514564009,0.172769599847817
"1970-08-29 05:30:00",0.838343739961319,-0.00258174875727655,0.161656260038681
"1970-08-30 05:30:00",0.824697816369542,-0.00203452304202629,0.175302183630458
"1970-08-31 05:30:00",0.833279027362678,-0.00221174427067727,0.166720972637322
"1970-09-01 05:30:00",0.832521438215884,-0.0026016844248749,0.167478561784116
"1970-09-02 05:30:00",0.826571928407647,-0.00378210341047732,0.173428071592353
"1970-09-03 05:30:00",0.811047949197491,-0.00306990776472313,0.188952050802509
"1970-09-04 05:30:00",0.801511584108356,-0.00336465847670305,0.198488415891644
"1970-09-05 05:30:00",0.807523069397477,-0.00270645482417951,0.192476930602523
"1970-09-06 05:30:00",0.804221400101991,-0.00304874528784092,0.195778599898009
"1970-09-07 05:30:00",0.782567497019436,-0.00401094707789104,0.217432502980564
"1970-09-08 05:30:00",0.79223121663278,-0.00549720312574673,0.20776878336722
"1970-09-09 05:30:00",0.79428873713969,-0.00575589270113422,0.20571126286031
"1970-09-10 05:30:00",0.769274357373685,-0.00483405737478369,0.230725642626315
"1970-09-11 05:30:00",0.784045636315547,-0.00543653607769946,0.215954363684453
"1970-09-12 05:30:00",0.784942577475934,-0.00519091862549373,0.215057422524066
"1970-09-13 05:30:00",0.781564225709237,-0.00525778331429168,0.218435774290763
"1970-09-14 05:30:00",0.751870410821241,-0.00763054975251422,0.248129589178759
"1970-09-15 05:30:00",0.787100849239489,-0.00721990234607803,0.212899150760511
"1970-09-16 05:30:00",0.792724339940539,-0.00710119577379548,0.207275660059461
"1970-09-17 05:30:00",0.752016263560501,-0.00777687633455994,0.247983736439499
"1970-09-18 05:30:00",0.672110288660972,-0.0080540055586445,0.327889711339028
"1970-09-19 05:30:00",0.656015602691556,-0.00937960315017027,0.343984397308444
"1970-09-20 05:30:00",0.661769233202724,-0.0097340046138648,0.338230766797276
"1970-09-21 05:30:00",0.683074613524268,-0.010472313252831,0.316925386475733
"1970-09-22 05:30:00",0.367423839807924,-0.00512187257336461,0.632576160192076
"1970-09-23 05:30:00",0.168695553197278,-0.00336163412861103,0.831304446802722
"1970-09-24 05:30:00",0.176599845954239,-0.00345041251730791,0.823400154045761
"1970-09-25 05:30:00",0.303053905825132,-0.0041751591925227,0.696946094174868
"1970-09-26 05:30:00",0.211131930726812,-0.00396689559203805,0.788868069273188
"1970-09-27 05:30:00",0.224099428900693,-0.0043435295501384,0.775900571099307
"1970-09-28 05:30:00",0.192505832790972,-0.00436566330616147,0.807494167209028
"1970-09-29 05:30:00",0.208945714571345,-0.00457321010508403,0.791054285428655
"1970-09-30 05:30:00",0.296380858102167,-0.00508647148259929,0.703619141897833
"1970-10-01 05:30:00",0.284768235704985,-0.00499132336383162,0.715231764295015
"1970-10-02 05:30:00",0.29871668806149,-0.00539786685722444,0.70128331193851
"1970-10-03 05:30:00",0.410842659064145,-0.00558359933742975,0.589157340935855
"1970-10-04 05:30:00",0.392031650224117,-0.00549487527830891,0.607968349775883
"1970-10-05 05:30:00",0.408164644695398,-0.00593804540074639,0.591835355304602
"1970-10-06 05:30:00",0.309362913443309,-0.00518540524489832,0.690637086556691
"1970-10-07 05:30:00",0.321893367609096,-0.00554711235450843,0.678106632390904
"1970-10-08 05:30:00",0.334152409617254,-0.00580054648982036,0.665847590382746
"1970-10-09 05:30:00",0.343361914945407,-0.0062612588983453,0.656638085054593
"1970-10-10 05:30:00",0.38807352025843,-0.00688338939670562,0.61192647974157
"1970-10-11 05:30:00",0.430424717497562,-0.00710311014319215,0.569575282502438
"1970-10-12 05:30:00",0.453074164192826,-0.00760427369375447,0.546925835807174
"1970-10-13 05:30:00",0.563958279011833,-0.00775464744963683,0.436041720988167
"1970-10-14 05:30:00",0.575434939464583,-0.00786118356676501,0.424565060535417
"1970-10-15 05:30:00",0.560685682081952,-0.00739592411088654,0.439314317918048
"1970-10-16 05:30:00",0.579159484473669,-0.00778225452157009,0.420840515526331
"1970-10-17 05:30:00",0.573156394124506,-0.00867946037444562,0.426843605875494
"1970-10-18 05:30:00",0.589995491458751,-0.00911392358172026,0.410004508541249
"1970-10-19 05:30:00",0.605177921387984,-0.00977037072468496,0.394822078612016
"1970-10-20 05:30:00",0.612320106379602,-0.0103712286950098,0.387679893620398
"1970-10-21 05:30:00",0.641024801298797,-0.010349667558436,0.358975198701203
"1970-10-22 05:30:00",0.554339003636623,-0.00888534307775919,0.445660996363377
"1970-10-23 05:30:00",0.616747783188249,-0.00983572526038353,0.383252216811751
"1970-10-24 05:30:00",0.644037420940214,-0.0113021580052622,0.355962579059786
"1970-10-25 05:30:00",0.494538826104011,-0.00748348812967479,0.505461173895989
"1970-10-26 05:30:00",0.386857181258695,-0.00450261151865885,0.613142818741305
"1970-10-27 05:30:00",0.355132868770793,-0.00457439724652445,0.644867131229206
"1970-10-28 05:30:00",0.34109230026651,-0.00449909222998528,0.65890769973349
"1970-10-29 05:30:00",0.404587708344689,-0.00483680470822238,0.595412291655311
"1970-10-30 05:30:00",0.394005876686469,-0.00523193116784979,0.605994123313531
"1970-10-31 05:30:00",0.404299703913049,-0.00605949444238625,0.595700296086951
"1970-11-01 05:30:00",0.427105881748418,-0.0064243955924673,0.572894118251582
"1970-11-02 05:30:00",0.437835197631666,-0.00634341690099242,0.562164802368334
"1970-11-03 05:30:00",0.456506697326946,-0.00659285541320566,0.543493302673054
"1970-11-04 05:30:00",0.437977469705036,-0.00713125250006828,0.562022530294964
"1970-11-05 05:30:00",0.428861634218244,-0.00733787863109813,0.571138365781756
"1970-11-06 05:30:00",0.442397072718479,-0.00774796905401445,0.557602927281521
"1970-11-07 05:30:00",0.464609156168066,-0.00842057935269489,0.535390843831934
"1970-11-08 05:30:00",0.474794437074646,-0.00877771785829965,0.525205562925354
"1970-11-09 05:30:00",0.488479056386988,-0.00932303265968382,0.511520943613012
"1970-11-10 05:30:00",0.424005950065161,-0.00714262725722956,0.575994049934838
"1970-11-11 05:30:00",0.438457110150315,-0.00752475430759439,0.561542889849685
"1970-11-12 05:30:00",0.451939993042865,-0.00801463642011953,0.548060006957135
"1970-11-13 05:30:00",0.456857861805483,-0.00764371106475962,0.543142138194517
"1970-11-14 05:30:00",0.481582563059475,-0.00823774977492197,0.518417436940525
"1970-11-15 05:30:00",0.538702342987155,-0.00822006598308231,0.461297657012845
"1970-11-16 05:30:00",0.416873541409777,-0.00768519376401579,0.583126458590223
"1970-11-17 05:30:00",0.468850093978192,-0.00792247201173149,0.531149906021808
"1970-11-18 05:30:00",0.461837481926854,-0.00798875138419339,0.538162518073146
"1970-11-19 05:30:00",0.458791680779644,-0.00792474684137906,0.541208319220356
"1970-11-20 05:30:00",0.442547420824514,-0.00727397016709426,0.557452579175486
"1970-11-21 05:30:00",0.530929424209984,-0.00749965611652643,0.469070575790016
"1970-11-22 05:30:00",0.515876798937074,-0.0074872258767202,0.484123201062926
"1970-11-23 05:30:00",0.528214640844308,-0.00752235648090091,0.471785359155692
"1970-11-24 05:30:00",0.487935587225209,-0.00826595398001644,0.512064412774791
"1970-11-25 05:30:00",0.484086349058029,-0.00865996360420287,0.515913650941971
"1970-11-26 05:30:00",0.487786837987508,-0.00864267237989483,0.512213162012492
"1970-11-27 05:30:00",0.442700392224439,-0.00953336014264032,0.557299607775561
"1970-11-28 05:30:00",0.453637830904958,-0.00953595825767063,0.546362169095042
"1970-11-29 05:30:00",0.480532184666873,-0.0101886869989658,0.519467815333127
"1970-11-30 05:30:00",0.484430155028211,-0.0101710888011274,0.515569844971789
"1970-12-01 05:30:00",0.621568903630771,-0.00935093553795797,0.378431096369229
"1970-12-02 05:30:00",0.607102916285155,-0.00869616003105426,0.392897083714845
"1970-12-03 05:30:00",0.656477545491846,-0.00898979288065212,0.343522454508154
"1970-12-04 05:30:00",0.662348536088165,-0.00907308161505482,0.337651463911835
"1970-12-05 05:30:00",0.649562984737785,-0.0091853932471339,0.350437015262215
"1970-12-06 05:30:00",0.699084170195548,-0.00966709623013485,0.300915829804451
"1970-12-07 05:30:00",0.710268341916163,-0.010366267770961,0.289731658083837
"1970-12-08 05:30:00",0.709931162293318,-0.0115807153816676,0.290068837706682
"1970-12-09 05:30:00",0.712923825850801,-0.0139096256515676,0.287076174149199
"1970-12-10 05:30:00",0.588167036987401,-0.014726856707623,0.411832963012599
"1970-12-11 05:30:00",0.548282349648164,-0.0133742554611697,0.451717650351836
"1970-12-12 05:30:00",0.504218921072309,-0.013623997432183,0.495781078927691
"1970-12-13 05:30:00",0.483701014882533,-0.0120510814172539,0.516298985117467
"1970-12-14 05:30:00",0.498119381402252,-0.0122042120038483,0.501880618597748
"1970-12-15 05:30:00",0.51904408461446,-0.0126095016135094,0.48095591538554
"1970-12-16 05:30:00",0.524157001590181,-0.0125483663662795,0.475842998409819
"1970-12-17 05:30:00",0.539390236308554,-0.0131909638508669,0.460609763691446
"1970-12-18 05:30:00",0.562932377321022,-0.0135181386181719,0.437067622678979
"1970-12-19 05:30:00",0.572124078694932,-0.0144995908231244,0.427875921305068
"1970-12-20 05:30:00",0.540304208186939,-0.0132845599686427,0.45969579181306
"1970-12-21 05:30:00",0.483502825463697,-0.0120040076929371,0.516497174536303
"1970-12-22 05:30:00",0.475052680556997,-0.0113691393346046,0.524947319443003
"1970-12-23 05:30:00",0.763479916167029,-0.0122382641855257,0.236520083832971
"1970-12-24 05:30:00",0.770756776639678,-0.0127131009132697,0.229243223360322
"1970-12-25 05:30:00",0.770509176498034,-0.0134131029102202,0.229490823501966
"1970-12-26 05:30:00",0.779452554889168,-0.0146152001286848,0.220547445110832
"1970-12-27 05:30:00",0.789692833516467,-0.0154355780503292,0.210307166483533
"1970-12-28 05:30:00",0.819571408296233,-0.0175012963217224,0.180428591703767
"1970-12-29 05:30:00",0.75444650707832,-0.0148970970489485,0.24555349292168
"1970-12-30 05:30:00",0.77064412476073,-0.016429451255443,0.22935587523927
"1970-12-31 05:30:00",0.760771775264205,-0.0135937699210305,0.239228224735795
"1971-01-01 05:30:00",0.766031032565181,-0.0150202482669851,0.233968967434819
"1971-01-02 05:30:00",0.789068586982284,-0.0154754812239941,0.210931413017716
"1971-01-03 05:30:00",0.766416645152899,-0.0152007890628916,0.233583354847101
"1971-01-04 05:30:00",0.766260483123784,-0.0153662448702475,0.233739516876216
"1971-01-05 05:30:00",0.776845389720007,-0.0119816455401461,0.223154610279993
"1971-01-06 05:30:00",0.768182151049758,-0.0126230022984408,0.231817848950242
"1971-01-07 05:30:00",0.750432446898212,-0.0116581312139759,0.249567553101788
"1971-01-08 05:30:00",0.73954254067881,-0.0118638818522435,0.26045745932119
"1971-01-09 05:30:00",0.76091772472604,-0.0133414392947351,0.23908227527396
"1971-01-10 05:30:00",0.732156563579231,-0.0116889734395417,0.267843436420769
"1971-01-11 05:30:00",0.738630523010505,-0.0120165937931351,0.261369476989495
"1971-01-12 05:30:00",0.744250886433192,-0.0133205892124959,0.255749113566808
"1971-01-13 05:30:00",0.734399771039107,-0.0127117010400763,0.265600228960893
"1971-01-14 05:30:00",0.691960937833137,-0.0139719971020086,0.308039062166863
"1971-01-15 05:30:00",0.718780574133716,-0.0128361435648362,0.281219425866284
"1971-01-16 05:30:00",0.737687268699526,-0.0131039605860125,0.262312731300474
"1971-01-17 05:30:00",0.767793037376616,-0.01363054768063,0.232206962623384
"1971-01-18 05:30:00",0.765432711582396,-0.0135922965507159,0.234567288417604
"1971-01-19 05:30:00",0.678415226951402,-0.0131239419213657,0.321584773048598
"1971-01-20 05:30:00",0.686946291904992,-0.013422007624445,0.313053708095008
"1971-01-21 05:30:00",0.701389863863718,-0.0146800667278665,0.298610136136282
"1971-01-22 05:30:00",0.684649295127541,-0.0116106627738794,0.315350704872459
"1971-01-23 05:30:00",0.702954317846452,-0.0115909637236517,0.297045682153548
"1971-01-24 05:30:00",0.708995999040797,-0.0128204867833583,0.291004000959203
"1971-01-25 05:30:00",0.651557211108976,-0.0127218730747824,0.348442788891024
"1971-01-26 05:30:00",0.628636403053585,-0.0119169808948905,0.371363596946415
"1971-01-27 05:30:00",0.572283876925004,-0.0119406419541127,0.427716123074996
"1971-01-28 05:30:00",0.587202335992024,-0.0122124171977868,0.412797664007976
"1971-01-29 05:30:00",0.588721752833938,-0.0132056310503477,0.411278247166062
"1971-01-30 05:30:00",0.596799713455513,-0.0138169583115692,0.403200286544487
"1971-01-31 05:30:00",0.590642811234363,-0.0129074295034274,0.409357188765637
"1971-02-01 05:30:00",0.680930875311768,-0.0140011546354213,0.319069124688232
"1971-02-02 05:30:00",0.681569798146492,-0.014014912197936,0.318430201853508
"1971-02-03 05:30:00",0.693204347711569,-0.014085716354865,0.306795652288431
"1971-02-04 05:30:00",0.6516483898325,-0.0129657769851756,0.3483516101675
"1971-02-05 05:30:00",0.639072840946754,-0.0125270093470231,0.360927159053246
"1971-02-06 05:30:00",0.66755334981395,-0.0126753587111307,0.33244665018605
"1971-02-07 05:30:00",0.667154921996645,-0.0125137272543494,0.332845078003355
"1971-02-08 05:30:00",0.668220500805394,-0.0139483890138607,0.331779499194606
"1971-02-09 05:30:00",0.690111250164492,-0.0137051867802884,0.309888749835508
"1971-02-10 05:30:00",0.667753292796803,-0.0129329716516612,0.332246707203196
"1971-02-11 05:30:00",0.634367891218066,-0.0117808715823757,0.365632108781934
"1971-02-12 05:30:00",0.643997204467976,-0.0121884074406004,0.356002795532024
"1971-02-13 05:30:00",0.555241690933252,-0.0126914288933635,0.444758309066748
"1971-02-14 05:30:00",0.545994725548694,-0.0119803074414464,0.454005274451306
"1971-02-15 05:30:00",0.559638564383557,-0.0123918377241313,0.440361435616443
"1971-02-16 05:30:00",0.579319354079123,-0.0120608857889408,0.420680645920877
"1971-02-17 05:30:00",0.585623079517908,-0.0126294849258973,0.414376920482092
"1971-02-18 05:30:00",0.574124572645604,-0.0138567297464187,0.425875427354396
"1971-02-19 05:30:00",0.592730590940691,-0.0139628223716905,0.407269409059309
"1971-02-20 05:30:00",0.634332245511861,-0.0143658514849227,0.365667754488139
"1971-02-21 05:30:00",0.648753262510667,-0.0149854686207541,0.351246737489333
"1971-02-22 05:30:00",0.679616137847647,-0.0157217073732493,0.320383862152353
"1971-02-23 05:30:00",0.668656313018974,-0.0142421109047887,0.331343686981026
"1971-02-24 05:30:00",0.680773921276879,-0.0140973215013926,0.319226078723121
"1971-02-25 05:30:00",0.636026755379473,-0.0129181434676544,0.363973244620528
"1971-02-26 05:30:00",0.628342906698119,-0.0127172727188427,0.371657093301881
"1971-02-27 05:30:00",0.621870205263216,-0.0135530017408711,0.378129794736784
"1971-02-28 05:30:00",0.553895176956323,-0.0146408985940012,0.446104823043677
"1971-03-01 05:30:00",0.560068931508891,-0.0147755434652479,0.439931068491109
"1971-03-02 05:30:00",0.571961793602042,-0.0153015311224876,0.428038206397957
"1971-03-03 05:30:00",0.546626892854709,-0.0154229860751796,0.453373107145291
"1971-03-04 05:30:00",0.649527494292105,-0.0168198163964067,0.350472505707895
"1971-03-05 05:30:00",0.680454091807034,-0.0155139319591248,0.319545908192966
"1971-03-06 05:30:00",0.735396408865813,-0.0160029820011708,0.264603591134187
"1971-03-07 05:30:00",0.644549436952136,-0.0181963768891036,0.355450563047864
"1971-03-08 05:30:00",0.720712506555657,-0.0184482018677315,0.279287493444343
"1971-03-09 05:30:00",0.729043233104229,-0.0191025819418596,0.270956766895771
"1971-03-10 05:30:00",0.566050320382343,-0.0177292621830836,0.433949679617657
"1971-03-11 05:30:00",0.549485884514349,-0.0171161067605971,0.450514115485651
"1971-03-12 05:30:00",0.626799711903549,-0.0180602665879281,0.373200288096451
"1971-03-13 05:30:00",0.651547481827684,-0.0180519413084258,0.348452518172316
"1971-03-14 05:30:00",0.28784697877169,-0.0108008404610783,0.71215302122831
"1971-03-15 05:30:00",0.449590189153058,-0.00953564342829518,0.550409810846942
"1971-03-16 05:30:00",0.46145989118615,-0.00983664923240319,0.53854010881385
"1971-03-17 05:30:00",0.481956142103893,-0.00969769980118603,0.518043857896107
"1971-03-18 05:30:00",0.471976568456582,-0.00936777821937511,0.528023431543418
"1971-03-19 05:30:00",0.475775965719901,-0.00941844405162407,0.524224034280098
"1971-03-20 05:30:00",0.505951934829379,-0.00971356394779316,0.494048065170621
"1971-03-21 05:30:00",0.49723263948995,-0.00967868864776389,0.50276736051005
"1971-03-22 05:30:00",0.501110513777629,-0.00987893095487964,0.498889486222371
"1971-03-23 05:30:00",0.461337284471142,-0.0119305297217569,0.538662715528858
"1971-03-24 05:30:00",0.406414798092195,-0.00980000587145438,0.593585201907805
"1971-03-25 05:30:00",0.355741479479588,-0.00929346179196965,0.644258520520412
"1971-03-26 05:30:00",0.312373384980393,-0.00845075872663571,0.687626615019607
"1971-03-27 05:30:00",0.336359155756399,-0.00884438397813296,0.663640844243601
"1971-03-28 05:30:00",0.376479790480287,-0.00920125239395032,0.623520209519713
"1971-03-29 05:30:00",0.333841038828824,-0.00800429447038769,0.666158961171176
"1971-03-30 05:30:00",0.371065237249889,-0.00826808497334073,0.628934762750111
"1971-03-31 05:30:00",0.383986554963421,-0.00867444312639465,0.616013445036579
"1971-04-01 05:30:00",0.398479302971379,-0.00893651602557635,0.601520697028621
"1971-04-02 05:30:00",0.447103759055107,-0.00930292000514374,0.552896240944893
"1971-04-03 05:30:00",0.329663359501784,-0.00611338608860114,0.670336640498216
"1971-04-04 05:30:00",0.367784136310656,-0.00655197774212576,0.632215863689343
"1971-04-05 05:30:00",0.40775997173724,-0.00660778314802875,0.59224002826276
"1971-04-06 05:30:00",0.388287455372903,-0.00692628767143403,0.611712544627097
"1971-04-07 05:30:00",0.398986985792897,-0.00846697084409831,0.601013014207103
"1971-04-08 05:30:00",0.350175466850127,-0.00756817552896122,0.649824533149873
"1971-04-09 05:30:00",0.358666060746068,-0.00795671738833928,0.641333939253932
"1971-04-10 05:30:00",0.388352773635618,-0.00808634284609508,0.611647226364382
"1971-04-11 05:30:00",0.399174722455317,-0.00827943114478077,0.600825277544683
"1971-04-12 05:30:00",0.314429303489316,-0.00802343646404831,0.685570696510683
"1971-04-13 05:30:00",0.314872713788169,-0.00798962306693875,0.685127286211831
"1971-04-14 05:30:00",0.294801531991553,-0.00759502512556009,0.705198468008447
"1971-04-15 05:30:00",0.297571599025102,-0.00688564619267594,0.702428400974898
"1971-04-16 05:30:00",0.306530434733479,-0.00631573859949063,0.693469565266521
"1971-04-17 05:30:00",0.235207218625317,-0.00632296388251024,0.764792781374683
"1971-04-18 05:30:00",0.247845383739689,-0.0066377102237313,0.752154616260311
"1971-04-19 05:30:00",0.262386662444931,-0.00670067022850131,0.737613337555069
"1971-04-20 05:30:00",0.321806458147254,-0.0072838217983841,0.678193541852746
"1971-04-21 05:30:00",0.298005389553449,-0.0063939064153038,0.701994610446551
"1971-04-22 05:30:00",0.308122966731705,-0.00665767513155428,0.691877033268295
"1971-04-23 05:30:00",0.259446397761309,-0.00608722187594682,0.740553602238691
"1971-04-24 05:30:00",0.271942424419845,-0.00649444875614442,0.728057575580155
"1971-04-25 05:30:00",0.265230198472254,-0.00628932391164589,0.734769801527746
"1971-04-26 05:30:00",0.248427977371905,-0.00576783151111084,0.751572022628095
"1971-04-27 05:30:00",0.239881442961341,-0.00491601657872464,0.760118557038659
"1971-04-28 05:30:00",0.258012684220326,-0.00540362301373246,0.741987315779675
"1971-04-29 05:30:00",0.218082508744825,-0.00440351727579544,0.781917491255176
"1971-04-30 05:30:00",0.21819056873778,-0.00581618042129313,0.78180943126222
"1971-05-01 05:30:00",0.215271664838707,-0.00577212938388558,0.784728335161293
"1971-05-02 05:30:00",0.239675122575989,-0.0060747907340668,0.760324877424011
"1971-05-03 05:30:00",0.253915178372709,-0.00624164482825998,0.746084821627291
"1971-05-04 05:30:00",0.228650820828441,-0.00525143515100915,0.771349179171559
"1971-05-05 05:30:00",0.201106219160472,-0.00581231971821245,0.798893780839528
"1971-05-06 05:30:00",0.2270119911674,-0.00598902725458289,0.7729880088326
"1971-05-07 05:30:00",0.239067004228946,-0.00628306325332088,0.760932995771054
"1971-05-08 05:30:00",0.230288734944233,-0.00611089858777141,0.769711265055767
"1971-05-09 05:30:00",0.218176994842243,-0.0063776317613153,0.781823005157757
"1971-05-10 05:30:00",0.178030350372844,-0.00371580270548275,0.821969649627156
"1971-05-11 05:30:00",0.219358530116325,-0.00405145562141617,0.780641469883675
"1971-05-12 05:30:00",0.224291487814745,-0.00425298780448294,0.775708512185255
"1971-05-13 05:30:00",0.207302942067345,-0.00486257116856093,0.792697057932655
"1971-05-14 05:30:00",0.239286423063244,-0.00529203228197661,0.760713576936756
"1971-05-15 05:30:00",0.288204625173215,-0.00555730375673954,0.711795374826785
"1971-05-16 05:30:00",0.300008926590003,-0.00573408941328435,0.699991073409997
"1971-05-17 05:30:00",0.312572829184974,-0.00608619866813821,0.687427170815026
"1971-05-18 05:30:00",0.328708562284046,-0.00643731572096317,0.671291437715954
"1971-05-19 05:30:00",0.343123911783101,-0.00661893334726605,0.656876088216899
"1971-05-20 05:30:00",0.313915504571937,-0.0059779800515639,0.686084495428063
"1971-05-21 05:30:00",0.346789142463709,-0.00663711008108385,0.653210857536291
"1971-05-22 05:30:00",0.347336003762948,-0.00684700414725531,0.652663996237052
"1971-05-23 05:30:00",0.370248933572316,-0.00725334389496893,0.629751066427684
"1971-05-24 05:30:00",0.43956595048267,-0.00756364963647765,0.56043404951733
"1971-05-25 05:30:00",0.610489748459778,-0.00789015971624136,0.389510251540222
"1971-05-26 05:30:00",0.606088901560526,-0.00923797345189025,0.393911098439474
"1971-05-27 05:30:00",0.611024821674273,-0.0105435447377671,0.388975178325727
"1971-05-28 05:30:00",0.614659414799971,-0.0106228921331579,0.385340585200029
"1971-05-29 05:30:00",0.620973601086385,-0.0102133123126932,0.379026398913615
"1971-05-30 05:30:00",0.650696972341734,-0.0101179331382368,0.349303027658266
"1971-05-31 05:30:00",0.662813244783679,-0.0101947862240045,0.337186755216321
"1971-06-01 05:30:00",0.616065540412616,-0.008267725843006,0.383934459587384
"1971-06-02 05:30:00",0.620671399297722,-0.00843993290283482,0.379328600702278
"1971-06-03 05:30:00",0.573688393222522,-0.00933180879745698,0.426311606777478
"1971-06-04 05:30:00",0.577925100166776,-0.00996250222882345,0.422074899833224
"1971-06-05 05:30:00",0.59067023422555,-0.010442989569127,0.40932976577445
"1971-06-06 05:30:00",0.533300966785657,-0.00985921708811546,0.466699033214343
"1971-06-07 05:30:00",0.551656277012188,-0.01019847923871,0.448343722987811
"1971-06-08 05:30:00",0.566936261029195,-0.0108820946363337,0.433063738970805
"1971-06-09 05:30:00",0.527339178628131,-0.0103685721806363,0.47266082137187
"1971-06-10 05:30:00",0.67039360972576,-0.0107757717082198,0.32960639027424
"1971-06-11 05:30:00",0.668133742468659,-0.010286814354912,0.331866257531341
"1971-06-12 05:30:00",0.690549078191618,-0.0106448124994716,0.309450921808382
"1971-06-13 05:30:00",0.635197799367184,-0.0101481140902428,0.364802200632816
"1971-06-14 05:30:00",0.654719921676942,-0.0109241208097595,0.345280078323058
"1971-06-15 05:30:00",0.662962403246275,-0.0111893135683317,0.337037596753725
"1971-06-16 05:30:00",0.658169059197288,-0.0103034449180266,0.341830940802712
"1971-06-17 05:30:00",0.674496035657304,-0.0106181641702991,0.325503964342696
"1971-06-18 05:30:00",0.698353521000927,-0.00894291826541875,0.301646478999073
"1971-06-19 05:30:00",0.745734580082374,-0.00733748744649694,0.254265419917626
"1971-06-20 05:30:00",0.796860404723998,-0.00758196690990068,0.203139595276002
"1971-06-21 05:30:00",0.794004077874585,-0.00834110856029783,0.205995922125415
"1971-06-22 05:30:00",0.796519532625387,-0.00842463288939279,0.203480467374613
"1971-06-23 05:30:00",0.77174132907608,-0.00761249742688247,0.22825867092392
"1971-06-24 05:30:00",0.699848966968872,-0.00804273209964255,0.300151033031128
"1971-06-25 05:30:00",0.707594586718712,-0.00823432887573214,0.292405413281288
"1971-06-26 05:30:00",0.676738396728634,-0.00868730465488414,0.323261603271366
"1971-06-27 05:30:00",0.705322125829397,-0.00886131364492036,0.294677874170603
"1971-06-28 05:30:00",0.700337122916287,-0.00959795582964838,0.299662877083713
"1971-06-29 05:30:00",0.72502230206052,-0.00987712974158863,0.27497769793948
"1971-06-30 05:30:00",0.735552359611591,-0.010177644957709,0.264447640388409
"1971-07-01 05:30:00",0.745779633301397,-0.0101993169399053,0.254220366698603
"1971-07-02 05:30:00",0.646940233258898,-0.00722731384439645,0.353059766741101
"1971-07-03 05:30:00",0.529126565423535,-0.00629891951669288,0.470873434576465
"1971-07-04 05:30:00",0.606084954544379,-0.00652997936786602,0.393915045455621
"1971-07-05 05:30:00",0.63465494467242,-0.00690493982753585,0.36534505532758
"1971-07-06 05:30:00",0.643032439200844,-0.00748831450669489,0.356967560799156
"1971-07-07 05:30:00",0.699096412434189,-0.00783772543578471,0.300903587565811
"1971-07-08 05:30:00",0.6262470389061,-0.00915307038246033,0.3737529610939
"1971-07-09 05:30:00",0.616538694025259,-0.0101507605517084,0.383461305974741
"1971-07-10 05:30:00",0.627798977041993,-0.0107845842874359,0.372201022958007
"1971-07-11 05:30:00",0.624168108036027,-0.0107822111220181,0.375831891963973
"1971-07-12 05:30:00",0.638356200266409,-0.0110510364688896,0.361643799733591
"1971-07-13 05:30:00",0.584220667405804,-0.0107550841591493,0.415779332594196
"1971-07-14 05:30:00",0.596533598523984,-0.0110613971836723,0.403466401476016
"1971-07-15 05:30:00",0.59044605394689,-0.011658772504721,0.40955394605311
"1971-07-16 05:30:00",0.591696877446216,-0.0124699452599911,0.408303122553784
"1971-07-17 05:30:00",0.627440931911201,-0.0128913276786826,0.372559068088799
"1971-07-18 05:30:00",0.629893246894244,-0.0129253483260161,0.370106753105756
"1971-07-19 05:30:00",0.641095016325878,-0.0141302218621561,0.358904983674122
"1971-07-20 05:30:00",0.750810988206902,-0.0144325449931896,0.249189011793098
"1971-07-21 05:30:00",0.760856660243569,-0.0148890242345194,0.239143339756431
"1971-07-22 05:30:00",0.768661098920905,-0.0162222647124924,0.231338901079095
"1971-07-23 05:30:00",0.770400138669161,-0.0163039856332261,0.229599861330839
"1971-07-24 05:30:00",0.720706262676527,-0.0147174134917624,0.279293737323473
"1971-07-25 05:30:00",0.742357752753112,-0.0148041143033159,0.257642247246889
"1971-07-26 05:30:00",0.746798636462388,-0.0148716275294443,0.253201363537612
"1971-07-27 05:30:00",0.790710562151294,-0.0130728583975033,0.209289437848706
"1971-07-28 05:30:00",0.819204759487412,-0.0140682114959363,0.180795240512587
"1971-07-29 05:30:00",0.826162267495761,-0.0142201354930702,0.173837732504239
"1971-07-30 05:30:00",0.79486753024421,-0.0135549656549486,0.20513246975579
"1971-07-31 05:30:00",0.81998547940931,-0.0142362423957747,0.18001452059069
"1971-08-01 05:30:00",0.795261288319225,-0.0142519590314691,0.204738711680775
"1971-08-02 05:30:00",0.796587017277844,-0.0144869400458494,0.203412982722156
"1971-08-03 05:30:00",0.585426698614311,-0.0118174163840545,0.414573301385689
"1971-08-04 05:30:00",0.607769079013269,-0.0122493412620859,0.392230920986731
"1971-08-05 05:30:00",0.633059956651693,-0.0120836535882534,0.366940043348307
"1971-08-06 05:30:00",0.646160118988287,-0.0119512733850772,0.353839881011713
"1971-08-07 05:30:00",0.514873779995469,-0.00905178777785799,0.485126220004531
"1971-08-08 05:30:00",0.525606937388141,-0.00962679252587763,0.474393062611859
"1971-08-09 05:30:00",0.535324121912598,-0.00981137120221282,0.464675878087402
"1971-08-10 05:30:00",0.53881319914264,-0.0110055096571916,0.46118680085736
"1971-08-11 05:30:00",0.578263120260271,-0.00980559321811938,0.421736879739729
"1971-08-12 05:30:00",0.597032920550114,-0.0105032770780345,0.402967079449886
"1971-08-13 05:30:00",0.586263284977313,-0.0101890142592553,0.413736715022687
"1971-08-14 05:30:00",0.599890100390888,-0.0110154961677654,0.400109899609112
"1971-08-15 05:30:00",0.59809551997796,-0.0148909634680727,0.40190448002204
"1971-08-16 05:30:00",0.612603709426585,-0.0153940288282069,0.387396290573415
"1971-08-17 05:30:00",0.666399094493241,-0.0158387192708082,0.333600905506759
"1971-08-18 05:30:00",0.611039134518156,-0.0146323743585942,0.388960865481844
"1971-08-19 05:30:00",0.624227045453708,-0.0156004889972522,0.375772954546292
"1971-08-20 05:30:00",0.607441877378445,-0.0155600475399393,0.392558122621555
"1971-08-21 05:30:00",0.675775926562949,-0.0165359153111214,0.324224073437051
"1971-08-22 05:30:00",0.620186740805183,-0.013037008049121,0.379813259194817
"1971-08-23 05:30:00",0.640549275126299,-0.0139629879776139,0.359450724873701
"1971-08-24 05:30:00",0.651604597282632,-0.0146997829181872,0.348395402717368
"1971-08-25 05:30:00",0.598183309263259,-0.0165056903749011,0.401816690736741
"1971-08-26 05:30:00",0.625207512779454,-0.016617011595557,0.374792487220546
"1971-08-27 05:30:00",0.64103994926395,-0.0173037631864827,0.35896005073605
"1971-08-28 05:30:00",0.656951977814119,-0.0182883349453254,0.343048022185881
"1971-08-29 05:30:00",0.669025202214893,-0.018913307817404,0.330974797785107
"1971-08-30 05:30:00",0.675264080276805,-0.0192601393674208,0.324735919723195
"1971-08-31 05:30:00",0.68209914179294,-0.0195811667689774,0.31790085820706
"1971-09-01 05:30:00",0.695020446726316,-0.0206016089069654,0.304979553273684
"1971-09-02 05:30:00",0.696760612232645,-0.0217921887993177,0.303239387767355
"1971-09-03 05:30:00",0.672229600091514,-0.0225327079519647,0.327770399908486
"1971-09-04 05:30:00",0.676472324313156,-0.0227327478822706,0.323527675686845
"1971-09-05 05:30:00",0.708166877911425,-0.0231785625379956,0.291833122088575
"1971-09-06 05:30:00",0.622065781614171,-0.0196860442845642,0.377934218385828
"1971-09-07 05:30:00",0.629331800336039,-0.0203822095247362,0.370668199663961
"1971-09-08 05:30:00",0.640460691962592,-0.0211331753338931,0.359539308037408
"1971-09-09 05:30:00",0.60766345625018,-0.0188039812728392,0.39233654374982
"1971-09-10 05:30:00",0.5638241292098,-0.0182202655196879,0.4361758707902
"1971-09-11 05:30:00",0.565336225906866,-0.0172645971699839,0.434663774093133
"1971-09-12 05:30:00",0.537506989091441,-0.0155454491313393,0.462493010908559
"1971-09-13 05:30:00",0.523822576193446,-0.0150788434768364,0.476177423806554
"1971-09-14 05:30:00",0.500695311228452,-0.0142359371547959,0.499304688771548
"1971-09-15 05:30:00",0.510585568216489,-0.0146213922094353,0.489414431783511
"1971-09-16 05:30:00",0.475486993580329,-0.0188555823255469,0.524513006419671
"1971-09-17 05:30:00",0.486598627516539,-0.019085158618826,0.513401372483461
"1971-09-18 05:30:00",0.472363146231843,-0.0178047549806645,0.527636853768157
"1971-09-19 05:30:00",0.475042325867935,-0.0177296702236937,0.524957674132065
"1971-09-20 05:30:00",0.463672104252194,-0.0194462383219283,0.536327895747806
"1971-09-21 05:30:00",0.421614004996676,-0.0194435335589252,0.578385995003324
"1971-09-22 05:30:00",0.440179518444237,-0.0202493119906407,0.559820481555763
"1971-09-23 05:30:00",0.396378131546195,-0.0188017385644782,0.603621868453805
"1971-09-24 05:30:00",0.403004928993968,-0.0192218460227022,0.596995071006032
"1971-09-25 05:30:00",0.392497649270546,-0.0198315637406701,0.607502350729454
"1971-09-26 05:30:00",0.376837621354234,-0.0177081110995358,0.623162378645767
"1971-09-27 05:30:00",0.362662011602748,-0.0163500690840732,0.637337988397252
"1971-09-28 05:30:00",0.336007165586502,-0.0149913565951052,0.663992834413498
"1971-09-29 05:30:00",0.344588205452232,-0.0150907126795214,0.655411794547768
"1971-09-30 05:30:00",0.371310824153898,-0.0152569018026612,0.628689175846102
"1971-10-01 05:30:00",0.297539475537896,-0.0111000971458586,0.702460524462104
"1971-10-02 05:30:00",0.284028570532659,-0.0139158187395106,0.715971429467341
"1971-10-03 05:30:00",0.254993375356531,-0.0118508106256887,0.745006624643469
"1971-10-04 05:30:00",0.143104876408148,-0.00848844206820351,0.856895123591852
"1971-10-05 05:30:00",0.155958954270544,-0.00894492057679702,0.844041045729456
"1971-10-06 05:30:00",0.257636135446683,-0.00961818053621623,0.742363864553317
"1971-10-07 05:30:00",0.217144220997364,-0.0112582533051487,0.782855779002636
"1971-10-08 05:30:00",0.212487640376376,-0.0109447434477829,0.787512359623624
"1971-10-09 05:30:00",0.225615739960808,-0.0113495757488166,0.774384260039192
"1971-10-10 05:30:00",0.253423499219192,-0.0123441918860049,0.746576500780808
"1971-10-11 05:30:00",0.17079095093208,-0.00963867875154638,0.829209049067919
"1971-10-12 05:30:00",0.18111377782572,-0.00975075605292805,0.81888622217428
"1971-10-13 05:30:00",0.170285387093955,-0.00893736823922828,0.829714612906045
"1971-10-14 05:30:00",0.142244200761206,-0.00779367141168034,0.857755799238794
"1971-10-15 05:30:00",0.139865288242873,-0.00781817950174593,0.860134711757128
"1971-10-16 05:30:00",0.144083474939033,-0.00814927455143616,0.855916525060967
"1971-10-17 05:30:00",0.147724927343642,-0.00828911317824622,0.852275072656358
"1971-10-18 05:30:00",0.165903355931877,-0.00812723984331423,0.834096644068123
"1971-10-19 05:30:00",0.173899442175973,-0.00851862792961993,0.826100557824027
"1971-10-20 05:30:00",0.180545384843113,-0.00865982042106302,0.819454615156887
"1971-10-21 05:30:00",0.180391921118259,-0.00912457291365213,0.819608078881741
"1971-10-22 05:30:00",0.181117349754408,-0.00955286177979586,0.818882650245592
"1971-10-23 05:30:00",0.193520760583438,-0.0095725966331542,0.806479239416562
"1971-10-24 05:30:00",0.190421076335596,-0.00988684013934744,0.809578923664404
"1971-10-25 05:30:00",0.181409938126182,-0.0101023806397035,0.818590061873818
"1971-10-26 05:30:00",0.193665592901671,-0.0103882243999622,0.806334407098329
"1971-10-27 05:30:00",0.204751902833912,-0.0108037145761681,0.795248097166088
"1971-10-28 05:30:00",0.215100596981998,-0.0119497686268932,0.784899403018002
"1971-10-29 05:30:00",0.241123260660225,-0.0125052878999704,0.758876739339775
"1971-10-30 05:30:00",0.240689431989139,-0.011751822506943,0.759310568010861
"1971-10-31 05:30:00",0.260128729873398,-0.0123590997038307,0.739871270126602
"1971-11-01 05:30:00",0.269088430934532,-0.0129718920608395,0.730911569065468
"1971-11-02 05:30:00",0.310508909965352,-0.0136456410434932,0.689491090034648
"1971-11-03 05:30:00",0.298870929885967,-0.0123569180533252,0.701129070114033
"1971-11-04 05:30:00",0.298182042712932,-0.0127354038087112,0.701817957287068
"1971-11-05 05:30:00",0.321909894409684,-0.0127194344944792,0.678090105590316
"1971-11-06 05:30:00",0.349517300535325,-0.0126664141533974,0.650482699464675
"1971-11-07 05:30:00",0.356732910720223,-0.0112544365372092,0.643267089279777
"1971-11-08 05:30:00",0.33529348904972,-0.0101755692518602,0.66470651095028
"1971-11-09 05:30:00",0.369335835077632,-0.0104264082871591,0.630664164922369
"1971-11-10 05:30:00",0.368625340398962,-0.0102113203074284,0.631374659601038
"1971-11-11 05:30:00",0.394759798184966,-0.010377551534324,0.605240201815034
"1971-11-12 05:30:00",0.562421892781557,-0.00825134269307426,0.437578107218443
"1971-11-13 05:30:00",0.52439546804497,-0.0074614411068177,0.475604531955031
"1971-11-14 05:30:00",0.391584595398634,-0.00672890140548274,0.608415404601365
"1971-11-15 05:30:00",0.407866715471951,-0.00685275446781164,0.592133284528049
"1971-11-16 05:30:00",0.372977326944361,-0.00658817455957105,0.627022673055639
"1971-11-17 05:30:00",0.370382097359266,-0.00658236409688233,0.629617902640734
"1971-11-18 05:30:00",0.379255152904531,-0.00658071671474997,0.620744847095469
"1971-11-19 05:30:00",0.36200427925521,-0.0067786786795165,0.63799572074479
"1971-11-20 05:30:00",0.426370252866184,-0.00712322034185503,0.573629747133816
"1971-11-21 05:30:00",0.428219965639736,-0.00760297320190971,0.571780034360264
"1971-11-22 05:30:00",0.475971326715377,-0.00789461926905446,0.524028673284623
"1971-11-23 05:30:00",0.346469205746935,-0.00562305977046105,0.653530794253065
"1971-11-24 05:30:00",0.362700057782332,-0.00589108343075547,0.637299942217668
"1971-11-25 05:30:00",0.381702782741302,-0.00614298374414617,0.618297217258698
"1971-11-26 05:30:00",0.337884706949676,-0.00645466934284264,0.662115293050324
"1971-11-27 05:30:00",0.320844000016175,-0.00651398970739701,0.679155999983825
"1971-11-28 05:30:00",0.333178002839141,-0.00679419983265565,0.66682199716086
"1971-11-29 05:30:00",0.341265297691163,-0.00747471785627133,0.658734702308837
"1971-11-30 05:30:00",0.368419906475794,-0.00777747496455241,0.631580093524206
"1971-12-01 05:30:00",0.384226840967822,-0.00810134798239432,0.615773159032178
"1971-12-02 05:30:00",0.407616405961922,-0.00825433522059782,0.592383594038078
"1971-12-03 05:30:00",0.421966399356311,-0.00854805903054669,0.578033600643689
"1971-12-04 05:30:00",0.427804646492418,-0.00809303854919742,0.572195353507582
"1971-12-05 05:30:00",0.452076135491683,-0.00874093381864726,0.547923864508317
"1971-12-06 05:30:00",0.411691372595452,-0.00998465981607236,0.588308627404548
"1971-12-07 05:30:00",0.443007396621655,-0.0101540495186175,0.556992603378345
"1971-12-08 05:30:00",0.499650415671099,-0.0106587213157467,0.500349584328901
"1971-12-09 05:30:00",0.510372190962711,-0.0109864657384171,0.489627809037289
"1971-12-10 05:30:00",0.600985882169488,-0.0118542245433261,0.399014117830512
"1971-12-11 05:30:00",0.612873696261633,-0.0121100688628584,0.387126303738367
"1971-12-12 05:30:00",0.611809034723788,-0.0122679673109386,0.388190965276212
"1971-12-13 05:30:00",0.614642355586716,-0.0118061968457772,0.385357644413284
"1971-12-14 05:30:00",0.621405871190949,-0.0120572938797163,0.378594128809051
"1971-12-15 05:30:00",0.621189623555898,-0.0117840378365903,0.378810376444102
"1971-12-16 05:30:00",0.623167346956973,-0.0119130893948708,0.376832653043027
"1971-12-17 05:30:00",0.624266660596738,-0.0117684922479403,0.375733339403262
"1971-12-18 05:30:00",0.640590083382296,-0.0115583613578093,0.359409916617704
"1971-12-19 05:30:00",0.636211634508863,-0.0093280791392519,0.363788365491137
"1971-12-20 05:30:00",0.627697194941441,-0.00782483341492816,0.372302805058559
"1971-12-21 05:30:00",0.621314569940955,-0.00880036718004835,0.378685430059045
"1971-12-22 05:30:00",0.515640339179935,-0.0101802702899884,0.484359660820065
"1971-12-23 05:30:00",0.515484467980172,-0.0112300983875788,0.484515532019828
"1971-12-24 05:30:00",0.466108908288426,-0.00817622442638593,0.533891091711575
"1971-12-25 05:30:00",0.475716411508667,-0.00856351019836891,0.524283588491333
"1971-12-26 05:30:00",0.379594287514523,-0.0110273329875695,0.620405712485477
"1971-12-27 05:30:00",0.352019911596528,-0.00944239796205902,0.647980088403472
"1971-12-28 05:30:00",0.364266517833077,-0.0109544036870623,0.635733482166923
"1971-12-29 05:30:00",0.3789798560862,-0.0112909653571912,0.6210201439138
"1971-12-30 05:30:00",0.348879134894348,-0.0102384386276361,0.651120865105652
"1971-12-31 05:30:00",0.364239765748107,-0.0107792587832665,0.635760234251893
"1972-01-01 05:30:00",0.377962339531167,-0.0111332262635344,0.622037660468833
"1972-01-02 05:30:00",0.392990820850658,-0.0118562271519258,0.607009179149342
"1972-01-03 05:30:00",0.381524383823636,-0.0120470305355158,0.618475616176364
"1972-01-04 05:30:00",0.436000868942384,-0.0120926884349455,0.563999131057616
"1972-01-05 05:30:00",0.341301552973089,-0.0118142702980109,0.658698447026911
"1972-01-06 05:30:00",0.353831889482263,-0.0121578413049203,0.646168110517737
"1972-01-07 05:30:00",0.36686219554942,-0.0125445780863267,0.63313780445058
"1972-01-08 05:30:00",0.383585086851129,-0.0128896472032003,0.616414913148871
"1972-01-09 05:30:00",0.389834517572994,-0.0124222928658889,0.610165482427006
"1972-01-10 05:30:00",0.414686460012722,-0.0126880951748571,0.585313539987278
"1972-01-11 05:30:00",0.425197049195045,-0.0125737415692859,0.574802950804955
"1972-01-12 05:30:00",0.53676480815451,-0.0134540286579256,0.46323519184549
"1972-01-13 05:30:00",0.539833705699982,-0.0134087656374171,0.460166294300018
